DTW,DistanceNormalization,FeatureNormalization,Clustering,Feature,SteelPenny,RobinsonFoulds
DTW-D,by-max,CMN,Single,BFCC,0.627990708478513,1305.7679659882
DTW-D,by-max,CMN,Complete,BFCC,0.430501206110962,783.791268974715
DTW-D,by-max,CMN,UPGMA,BFCC,0.509220048244438,908.613608308004
DTW-D,by-max,CMN,WPGMA,BFCC,0.470544090056285,901.834767491962
DTW-D,by-max,CMN,UPGMC,BFCC,0.578513356562137,1533.19953562191
DTW-D,by-max,CMN,WPGMC,BFCC,0.644134727061556,1447.92846850007
DTW-D,by-max,CMN,Ward,BFCC,0.427642276422764,666.857168802107
DTW-D,by-max,CMN,NJ,BFCC,0.286375413204682,471.489706081637
DTW-D,by-max,CMN,Single,CQCC,0.440427052622175,1072.55184801568
DTW-D,by-max,CMN,Complete,CQCC,0.359019029750737,687.789997539059
DTW-D,by-max,CMN,UPGMA,CQCC,0.391181988742964,773.209974410121
DTW-D,by-max,CMN,WPGMA,CQCC,0.354623425355133,690.656210202781
DTW-D,by-max,CMN,UPGMC,CQCC,0.552255874207094,1416.63481694113
DTW-D,by-max,CMN,WPGMC,CQCC,0.573805056731886,1310.73624328386
DTW-D,by-max,CMN,Ward,CQCC,0.428607165192531,648.93334596495
DTW-D,by-max,CMN,NJ,CQCC,0.278102385419459,443.120755896687
DTW-D,by-max,CMN,Single,GFCC,0.726873939069061,1478.57076483994
DTW-D,by-max,CMN,Complete,GFCC,0.514249977664612,921.271712356546
DTW-D,by-max,CMN,UPGMA,GFCC,0.632984901277584,1082.71384163873
DTW-D,by-max,CMN,WPGMA,GFCC,0.445680335924238,896.255785119183
DTW-D,by-max,CMN,UPGMC,GFCC,0.720217993388725,1540.21973880774
DTW-D,by-max,CMN,WPGMC,GFCC,0.679799874921826,1279.6749861268
DTW-D,by-max,CMN,Ward,GFCC,0.494836058250692,902.561138554931
DTW-D,by-max,CMN,NJ,GFCC,0.288725096042169,590.897629999899
DTW-D,by-max,CMN,Single,IMFCC,0.486330742428303,1163.44302758608
DTW-D,by-max,CMN,Complete,IMFCC,0.336817653890825,539.905823439703
DTW-D,by-max,CMN,UPGMA,IMFCC,0.339408558920754,550.866162624865
DTW-D,by-max,CMN,WPGMA,IMFCC,0.343437862950058,642.866741189379
DTW-D,by-max,CMN,UPGMC,IMFCC,0.570195658000536,1533.19953562191
DTW-D,by-max,CMN,WPGMC,IMFCC,0.576538908246225,1265.47772675248
DTW-D,by-max,CMN,Ward,IMFCC,0.421951219512195,656.21872547184
DTW-D,by-max,CMN,NJ,IMFCC,0.262431877066023,448.259199391899
DTW-D,by-max,CMN,Single,LFCC,0.448030018761726,993.295037010957
DTW-D,by-max,CMN,Complete,LFCC,0.357428750111677,542.180549687426
DTW-D,by-max,CMN,UPGMA,LFCC,0.350522648083624,574.48627895761
DTW-D,by-max,CMN,WPGMA,LFCC,0.334003394979005,506.272814992991
DTW-D,by-max,CMN,UPGMC,LFCC,0.537675332797284,1435.89030519305
DTW-D,by-max,CMN,WPGMC,LFCC,0.614911105155008,1380.98093881252
DTW-D,by-max,CMN,Ward,LFCC,0.390386848923434,484.456099814405
DTW-D,by-max,CMN,NJ,LFCC,0.263298490127758,472.176813557226
DTW-D,by-max,CMN,Single,logFBank,0.513704994192799,1213.18443659517
DTW-D,by-max,CMN,Complete,logFBank,0.343830965782185,638.765422347757
DTW-D,by-max,CMN,UPGMA,logFBank,0.390976503171625,775.548353555982
DTW-D,by-max,CMN,WPGMA,logFBank,0.385294380416332,784.361382907979
DTW-D,by-max,CMN,UPGMC,logFBank,0.558518717055302,1533.19953562191
DTW-D,by-max,CMN,WPGMC,logFBank,0.607763780934513,1309.27415285364
DTW-D,by-max,CMN,Ward,logFBank,0.430233181452694,675.557839702853
DTW-D,by-max,CMN,NJ,logFBank,0.28700973822925,555.514428146815
DTW-D,by-max,CMN,Single,LPCC,0.457473420888055,1069.51178304974
DTW-D,by-max,CMN,Complete,LPCC,0.376154739569374,681.196481071674
DTW-D,by-max,CMN,UPGMA,LPCC,0.383203788081837,853.850727032509
DTW-D,by-max,CMN,WPGMA,LPCC,0.389815062985795,703.835141618758
DTW-D,by-max,CMN,UPGMC,LPCC,0.61625122844635,1465.21853651205
DTW-D,by-max,CMN,WPGMC,LPCC,0.582757080318056,1231.33135227844
DTW-D,by-max,CMN,Ward,LPCC,0.327660144733315,615.090225944739
DTW-D,by-max,CMN,NJ,LPCC,0.277593138568748,656.447843130751
DTW-D,by-max,CMN,Single,MFCC,0.435263110872867,995.752675299971
DTW-D,by-max,CMN,Complete,MFCC,0.349405878674171,621.941483708196
DTW-D,by-max,CMN,UPGMA,MFCC,0.350174216027875,573.869628265802
DTW-D,by-max,CMN,WPGMA,MFCC,0.407477887965693,734.691340085048
DTW-D,by-max,CMN,UPGMC,MFCC,0.536040382381846,1390.73354809825
DTW-D,by-max,CMN,WPGMC,MFCC,0.564263378897525,1361.11822559032
DTW-D,by-max,CMN,Ward,MFCC,0.389815062985795,508.922889318001
DTW-D,by-max,CMN,NJ,MFCC,0.262306798892165,478.464918987121
DTW-D,by-max,CMN,Single,MSRCC,0.527829893683552,1074.76353816412
DTW-D,by-max,CMN,Complete,MSRCC,0.37573483427142,712.221594111094
DTW-D,by-max,CMN,UPGMA,MSRCC,0.416840882694541,793.638860892006
DTW-D,by-max,CMN,WPGMA,MSRCC,0.405762530152774,766.405481998266
DTW-D,by-max,CMN,UPGMC,MSRCC,0.578888591083713,1431.24746820756
DTW-D,by-max,CMN,WPGMC,MSRCC,0.64643080496739,1279.43802622715
DTW-D,by-max,CMN,Ward,MSRCC,0.349352273742518,603.121455285767
DTW-D,by-max,CMN,NJ,MSRCC,0.289761458054141,575.065460260785
DTW-D,by-max,CMN,Single,NGCC,0.40418118466899,928.206430088186
DTW-D,by-max,CMN,Complete,NGCC,0.355606182435451,597.167015364173
DTW-D,by-max,CMN,UPGMA,NGCC,0.35956401322255,663.462773508872
DTW-D,by-max,CMN,WPGMA,NGCC,0.361029214687751,658.463753254112
DTW-D,by-max,CMN,UPGMC,NGCC,0.540695077280443,1412.34218759517
DTW-D,by-max,CMN,WPGMC,NGCC,0.549915125524882,1253.70922690118
DTW-D,by-max,CMN,Ward,NGCC,0.400044670776378,660.311428389176
DTW-D,by-max,CMN,NJ,NGCC,0.266595193424462,463.371551796938
DTW-D,by-max,CMN,Single,PNCC,0.4736531760922,1077.27513607643
DTW-D,by-max,CMN,Complete,PNCC,0.275332797284017,485.596086372541
DTW-D,by-max,CMN,UPGMA,PNCC,0.334494773519164,624.831838171047
DTW-D,by-max,CMN,WPGMA,PNCC,0.368962744572501,662.621944682559
DTW-D,by-max,CMN,UPGMC,PNCC,0.513374430447601,1401.16200687587
DTW-D,by-max,CMN,WPGMC,PNCC,0.521575984990619,1326.41950226048
DTW-D,by-max,CMN,Ward,PNCC,0.378960064325918,536.420147867607
DTW-D,by-max,CMN,NJ,PNCC,0.289502367551148,414.349947385218
DTW-D,by-max,CMN,Single,PSRCC,0.742875011167694,1555.17074519821
DTW-D,by-max,CMN,Complete,PSRCC,0.716519253104619,1230.57000465598
DTW-D,by-max,CMN,UPGMA,PSRCC,0.709577414455463,1555.17074519821
DTW-D,by-max,CMN,WPGMA,PSRCC,0.715482891092647,1471.72424709263
DTW-D,by-max,CMN,UPGMC,PSRCC,0.710131332082552,1555.17074519821
DTW-D,by-max,CMN,WPGMC,PSRCC,0.712329134280354,1555.17074519821
DTW-D,by-max,CMN,Ward,PSRCC,0.707960332350576,1458.72257580303
DTW-D,by-max,CMN,NJ,PSRCC,0.738658089877602,1013.08393780002
DTW-D,by-max,CMN,Single,RPLP,0.57155364960243,1363.14201112485
DTW-D,by-max,CMN,Complete,RPLP,0.385026355758063,863.225851294086
DTW-D,by-max,CMN,UPGMA,RPLP,0.435120164388457,892.937594294448
DTW-D,by-max,CMN,WPGMA,RPLP,0.441418743857768,876.164119416084
DTW-D,by-max,CMN,UPGMC,RPLP,0.576628249798982,1523.79225786581
DTW-D,by-max,CMN,WPGMC,RPLP,0.663441436612168,1489.83686842322
DTW-D,by-max,CMN,Ward,RPLP,0.43293129634593,764.833298192041
DTW-D,by-max,CMN,NJ,RPLP,0.328776914142768,516.298197406523
DTW-D,by-max,CMVN,Single,BFCC,0.67567229518449,1512.00325948997
DTW-D,by-max,CMVN,Complete,BFCC,0.426561243634414,747.442752473063
DTW-D,by-max,CMVN,UPGMA,BFCC,0.483677298311445,919.338275805823
DTW-D,by-max,CMVN,WPGMA,BFCC,0.452363084070401,883.917272894829
DTW-D,by-max,CMVN,UPGMC,BFCC,0.57459126239614,1555.17074519821
DTW-D,by-max,CMVN,WPGMC,BFCC,0.640936299472885,1511.18469636946
DTW-D,by-max,CMVN,Ward,BFCC,0.409336192263022,694.944541243216
DTW-D,by-max,CMVN,NJ,BFCC,0.34353613865809,774.865275679093
DTW-D,by-max,CMVN,Single,CQCC,0.675663361029215,1524.96308447325
DTW-D,by-max,CMVN,Complete,CQCC,0.464325917984455,853.822716955944
DTW-D,by-max,CMVN,UPGMA,CQCC,0.508621459840972,1138.9798611428
DTW-D,by-max,CMVN,WPGMA,CQCC,0.417662824979898,856.282834406029
DTW-D,by-max,CMVN,UPGMC,CQCC,0.580166175288127,1555.17074519821
DTW-D,by-max,CMVN,WPGMC,CQCC,0.646475475743768,1555.17074519821
DTW-D,by-max,CMVN,Ward,CQCC,0.510506566604128,947.052848999216
DTW-D,by-max,CMVN,NJ,CQCC,0.326409362994729,714.927949312005
DTW-D,by-max,CMVN,Single,GFCC,0.709952648977039,1489.34022290963
DTW-D,by-max,CMVN,Complete,GFCC,0.41718931475029,789.994710329486
DTW-D,by-max,CMVN,UPGMA,GFCC,0.457250067006165,947.355945613649
DTW-D,by-max,CMVN,WPGMA,GFCC,0.419565800053605,758.378391840422
DTW-D,by-max,CMVN,UPGMC,GFCC,0.551067631555436,1533.19953562191
DTW-D,by-max,CMVN,WPGMC,GFCC,0.620700437773609,1431.99016807991
DTW-D,by-max,CMVN,Ward,GFCC,0.50772804431341,866.333651736778
DTW-D,by-max,CMVN,NJ,GFCC,0.302492629321898,673.508235207282
DTW-D,by-max,CMVN,Single,IMFCC,0.655579379969624,1533.97446906627
DTW-D,by-max,CMVN,Complete,IMFCC,0.415214866434379,783.663604342374
DTW-D,by-max,CMVN,UPGMA,IMFCC,0.527177700348432,1200.8427597772
DTW-D,by-max,CMVN,WPGMA,IMFCC,0.410783525417672,958.03710535086
DTW-D,by-max,CMVN,UPGMC,IMFCC,0.60230501206111,1537.88135966188
DTW-D,by-max,CMVN,WPGMC,IMFCC,0.656347717323327,1537.88135966188
DTW-D,by-max,CMVN,Ward,IMFCC,0.516045742875011,1004.53208679172
DTW-D,by-max,CMVN,NJ,IMFCC,0.345716072545341,780.776252378825
DTW-D,by-max,CMVN,Single,LFCC,0.645841150719199,1537.88135966188
DTW-D,by-max,CMVN,Complete,LFCC,0.403573662110247,794.577174701756
DTW-D,by-max,CMVN,UPGMA,LFCC,0.464647547574377,982.177174781425
DTW-D,by-max,CMVN,WPGMA,LFCC,0.433556687215224,923.58579894655
DTW-D,by-max,CMVN,UPGMC,LFCC,0.579460377021353,1555.17074519821
DTW-D,by-max,CMVN,WPGMC,LFCC,0.651290985437327,1555.17074519821
DTW-D,by-max,CMVN,Ward,LFCC,0.50838023764853,931.661874880061
DTW-D,by-max,CMVN,NJ,LFCC,0.309398731349951,768.862406458572
DTW-D,by-max,CMVN,Single,logFBank,0.570070579826677,1416.83483215009
DTW-D,by-max,CMVN,Complete,logFBank,0.31551862771375,561.712053264665
DTW-D,by-max,CMVN,UPGMA,logFBank,0.395765210399357,801.5384516807
DTW-D,by-max,CMVN,WPGMA,logFBank,0.379263825605289,786.634180881003
DTW-D,by-max,CMVN,UPGMC,logFBank,0.549227195568659,1463.68496110674
DTW-D,by-max,CMVN,WPGMC,logFBank,0.569936567497543,1383.6790596417
DTW-D,by-max,CMVN,Ward,logFBank,0.345975163048334,588.699637482019
DTW-D,by-max,CMVN,NJ,logFBank,0.270222460466363,523.706424444641
DTW-D,by-max,CMVN,Single,LPCC,0.559948181899401,1513.91031666129
DTW-D,by-max,CMVN,Complete,LPCC,0.378951130170642,745.836415027954
DTW-D,by-max,CMVN,UPGMA,LPCC,0.398525864379523,885.932901102742
DTW-D,by-max,CMVN,WPGMA,LPCC,0.35112123648709,880.161019292259
DTW-D,by-max,CMVN,UPGMC,LPCC,0.552255874207094,1468.36678514672
DTW-D,by-max,CMVN,WPGMC,LPCC,0.518082730277852,1394.98008641406
DTW-D,by-max,CMVN,Ward,LPCC,0.471607254534084,768.957668329987
DTW-D,by-max,CMVN,NJ,LPCC,0.325873313678192,590.477426964932
DTW-D,by-max,CMVN,Single,MFCC,0.599419279907085,1530.59199942945
DTW-D,by-max,CMVN,Complete,MFCC,0.436576431698383,889.481616023489
DTW-D,by-max,CMVN,UPGMA,MFCC,0.443268113999821,900.133231964468
DTW-D,by-max,CMVN,WPGMA,MFCC,0.403475386402216,950.412742413281
DTW-D,by-max,CMVN,UPGMC,MFCC,0.569382649870455,1555.17074519821
DTW-D,by-max,CMVN,WPGMC,MFCC,0.632663271687662,1509.65141802402
DTW-D,by-max,CMVN,Ward,MFCC,0.422683820244796,825.254739356933
DTW-D,by-max,CMVN,NJ,MFCC,0.314884302689181,748.660405682255
DTW-D,by-max,CMVN,Single,MSRCC,0.629161082819619,1537.88135966188
DTW-D,by-max,CMVN,Complete,MSRCC,0.444608237291164,891.34638362813
DTW-D,by-max,CMVN,UPGMA,MSRCC,0.497971946752435,998.496426992042
DTW-D,by-max,CMVN,WPGMA,MSRCC,0.455588314124899,886.235220260648
DTW-D,by-max,CMVN,UPGMC,MSRCC,0.597712856249442,1537.88135966188
DTW-D,by-max,CMVN,WPGMC,MSRCC,0.629446975788439,1537.88135966188
DTW-D,by-max,CMVN,Ward,MSRCC,0.397927275976056,868.259584143635
DTW-D,by-max,CMVN,NJ,MSRCC,0.304422406861431,787.457384146846
DTW-D,by-max,CMVN,Single,NGCC,0.651496471008666,1504.71389925754
DTW-D,by-max,CMVN,Complete,NGCC,0.429679263825605,879.422501089393
DTW-D,by-max,CMVN,UPGMA,NGCC,0.444563566514786,848.447194516206
DTW-D,by-max,CMVN,WPGMA,NGCC,0.427043688019298,904.310374909143
DTW-D,by-max,CMVN,UPGMC,NGCC,0.566094880729027,1555.17074519821
DTW-D,by-max,CMVN,WPGMC,NGCC,0.616117216117216,1511.18469636946
DTW-D,by-max,CMVN,Ward,NGCC,0.509452336281605,909.084129097212
DTW-D,by-max,CMVN,NJ,NGCC,0.345117484141874,748.339896382807
DTW-D,by-max,CMVN,Single,PNCC,0.671580452068257,1475.64890234022
DTW-D,by-max,CMVN,Complete,PNCC,0.442758867149111,858.452494897089
DTW-D,by-max,CMVN,UPGMA,PNCC,0.439077995175556,938.888716399578
DTW-D,by-max,CMVN,WPGMA,PNCC,0.472840167962119,939.63073660966
DTW-D,by-max,CMVN,UPGMC,PNCC,0.562405074600197,1555.17074519821
DTW-D,by-max,CMVN,WPGMC,PNCC,0.667131242740999,1510.01398810341
DTW-D,by-max,CMVN,Ward,PNCC,0.510676315554364,931.02163956658
DTW-D,by-max,CMVN,NJ,PNCC,0.348807290270705,674.534621537597
DTW-D,by-max,CMVN,Single,PSRCC,0.721549182524792,1555.17074519821
DTW-D,by-max,CMVN,Complete,PSRCC,0.758876083266327,1183.14873989249
DTW-D,by-max,CMVN,UPGMA,PSRCC,0.735495398910033,1555.17074519821
DTW-D,by-max,CMVN,WPGMA,PSRCC,0.732824086482623,1388.65014305361
DTW-D,by-max,CMVN,UPGMC,PSRCC,0.735620477083892,1555.17074519821
DTW-D,by-max,CMVN,WPGMC,PSRCC,0.729473778254266,1555.17074519821
DTW-D,by-max,CMVN,Ward,PSRCC,0.735120164388457,1533.08951927986
DTW-D,by-max,CMVN,NJ,PSRCC,0.765871526847137,972.575016947476
DTW-D,by-max,CMVN,Single,RPLP,0.618868935942107,1537.88135966188
DTW-D,by-max,CMVN,Complete,RPLP,0.479942821406236,883.707553585639
DTW-D,by-max,CMVN,UPGMA,RPLP,0.560493165371214,1268.15506481628
DTW-D,by-max,CMVN,WPGMA,RPLP,0.501679621191816,876.886638798328
DTW-D,by-max,CMVN,UPGMC,RPLP,0.601500938086304,1542.56318370185
DTW-D,by-max,CMVN,WPGMC,RPLP,0.626311087286697,1542.56318370185
DTW-D,by-max,CMVN,Ward,RPLP,0.440418118466899,1068.68350166252
DTW-D,by-max,CMVN,NJ,RPLP,0.332100419905298,803.655122995124
DTW-D,by-max,MMN,Single,BFCC,0.602170999731975,1345.12804988783
DTW-D,by-max,MMN,Complete,BFCC,0.420396676494237,732.242519749643
DTW-D,by-max,MMN,UPGMA,BFCC,0.456982042347896,828.407267716114
DTW-D,by-max,MMN,WPGMA,BFCC,0.439908871616189,927.374882238515
DTW-D,by-max,MMN,UPGMC,BFCC,0.573188600017868,1533.19953562191
DTW-D,by-max,MMN,WPGMC,BFCC,0.64302689180738,1449.41879412665
DTW-D,by-max,MMN,Ward,BFCC,0.433967658357902,715.855233380344
DTW-D,by-max,MMN,NJ,BFCC,0.283552220137586,573.891680978354
DTW-D,by-max,MMN,Single,CQCC,0.471991423210935,1073.15658624715
DTW-D,by-max,MMN,Complete,CQCC,0.334307156258376,560.852405601952
DTW-D,by-max,MMN,UPGMA,CQCC,0.339721254355401,574.680511880873
DTW-D,by-max,MMN,WPGMA,CQCC,0.34245510586974,640.086104653237
DTW-D,by-max,MMN,UPGMC,CQCC,0.563378897525239,1500.65034002346
DTW-D,by-max,MMN,WPGMC,CQCC,0.599383543285982,1285.18146192114
DTW-D,by-max,MMN,Ward,CQCC,0.390038416867685,471.848538318051
DTW-D,by-max,MMN,NJ,CQCC,0.265022782095953,391.156865760125
DTW-D,by-max,MMN,Single,GFCC,0.738917180380595,1505.5458493729
DTW-D,by-max,MMN,Complete,GFCC,0.477780755829536,877.332996036489
DTW-D,by-max,MMN,UPGMA,GFCC,0.54751183775574,1003.55244182556
DTW-D,by-max,MMN,WPGMA,GFCC,0.491994996873046,989.509024348383
DTW-D,by-max,MMN,UPGMC,GFCC,0.717010631644778,1535.20499649728
DTW-D,by-max,MMN,WPGMC,GFCC,0.661413383364603,1292.14173425854
DTW-D,by-max,MMN,Ward,GFCC,0.489716787277763,855.442623546622
DTW-D,by-max,MMN,NJ,GFCC,0.318118466898955,660.087060708264
DTW-D,by-max,MMN,Single,IMFCC,0.515777718216743,1239.07137146528
DTW-D,by-max,MMN,Complete,IMFCC,0.367247386759582,684.560564008727
DTW-D,by-max,MMN,UPGMA,IMFCC,0.362574823550433,734.731309010586
DTW-D,by-max,MMN,WPGMA,IMFCC,0.44259805235415,722.357749265307
DTW-D,by-max,MMN,UPGMC,IMFCC,0.583561154292862,1533.19953562191
DTW-D,by-max,MMN,WPGMC,IMFCC,0.539220941659966,1365.96384842031
DTW-D,by-max,MMN,Ward,IMFCC,0.41682301438399,658.999760847176
DTW-D,by-max,MMN,NJ,IMFCC,0.356017153578129,623.026030660553
DTW-D,by-max,MMN,Single,LFCC,0.474135620477084,1228.85911714663
DTW-D,by-max,MMN,Complete,LFCC,0.344465290806754,686.606268589839
DTW-D,by-max,MMN,UPGMA,LFCC,0.356294112391673,689.670043968313
DTW-D,by-max,MMN,WPGMA,LFCC,0.406745287233092,798.195341108512
DTW-D,by-max,MMN,UPGMC,LFCC,0.581711784150808,1524.61082098632
DTW-D,by-max,MMN,WPGMC,LFCC,0.536835522201376,1352.99371684457
DTW-D,by-max,MMN,Ward,LFCC,0.422371124810149,615.006163488494
DTW-D,by-max,MMN,NJ,LFCC,0.279442508710801,520.46426017935
DTW-D,by-max,MMN,Single,logFBank,0.514634146341463,1240.26159263226
DTW-D,by-max,MMN,Complete,logFBank,0.335450728133655,558.935843367503
DTW-D,by-max,MMN,UPGMA,logFBank,0.367122308585723,713.469219647381
DTW-D,by-max,MMN,WPGMA,logFBank,0.360743321718931,713.364552172256
DTW-D,by-max,MMN,UPGMC,logFBank,0.560198338247119,1500.28776994408
DTW-D,by-max,MMN,WPGMC,logFBank,0.599267399267399,1375.16653646066
DTW-D,by-max,MMN,Ward,logFBank,0.391155186277138,542.726726946291
DTW-D,by-max,MMN,NJ,logFBank,0.272929509514875,523.045046313643
DTW-D,by-max,MMN,Single,LPCC,0.482131689448763,1145.46152282603
DTW-D,by-max,MMN,Complete,LPCC,0.327213436969535,708.21811918454
DTW-D,by-max,MMN,UPGMA,LPCC,0.393111766282498,793.014676419325
DTW-D,by-max,MMN,WPGMA,LPCC,0.430242115607969,771.834790768977
DTW-D,by-max,MMN,UPGMC,LPCC,0.607602966139552,1482.28367470118
DTW-D,by-max,MMN,WPGMC,LPCC,0.606200303761279,1180.30924447599
DTW-D,by-max,MMN,Ward,LPCC,0.352416689002055,631.178735858956
DTW-D,by-max,MMN,NJ,LPCC,0.281622442598052,674.261649625865
DTW-D,by-max,MMN,Single,MFCC,0.450799606897168,1023.04905115861
DTW-D,by-max,MMN,Complete,MFCC,0.317323327079425,518.459853338079
DTW-D,by-max,MMN,UPGMA,MFCC,0.337791476815867,544.492873594594
DTW-D,by-max,MMN,WPGMA,MFCC,0.397435897435897,685.174330321795
DTW-D,by-max,MMN,UPGMC,MFCC,0.560484231215938,1452.49266188705
DTW-D,by-max,MMN,WPGMC,MFCC,0.563423568301617,1287.68771649401
DTW-D,by-max,MMN,Ward,MFCC,0.390038416867685,471.848538318051
DTW-D,by-max,MMN,NJ,MFCC,0.26729205753596,425.814651791049
DTW-D,by-max,MMN,Single,MSRCC,0.500964888769767,1079.87103253353
DTW-D,by-max,MMN,Complete,MSRCC,0.416349504154382,725.219423455075
DTW-D,by-max,MMN,UPGMA,MSRCC,0.401500938086304,733.796250584504
DTW-D,by-max,MMN,WPGMA,MSRCC,0.37357276869472,729.902933966846
DTW-D,by-max,MMN,UPGMC,MSRCC,0.56172607879925,1425.627501175
DTW-D,by-max,MMN,WPGMC,MSRCC,0.619824890556598,1311.87892502131
DTW-D,by-max,MMN,Ward,MSRCC,0.361270436880193,594.576671596299
DTW-D,by-max,MMN,NJ,MSRCC,0.271723398552667,543.191274005826
DTW-D,by-max,MMN,Single,NGCC,0.386616635397123,904.939641395781
DTW-D,by-max,MMN,Complete,NGCC,0.340605735727687,581.78630904392
DTW-D,by-max,MMN,UPGMA,NGCC,0.341668900205486,660.975469479253
DTW-D,by-max,MMN,WPGMA,NGCC,0.338256052890199,674.342060754959
DTW-D,by-max,MMN,UPGMC,NGCC,0.555766997230412,1390.37097801886
DTW-D,by-max,MMN,WPGMC,NGCC,0.568399892790137,1288.09020629539
DTW-D,by-max,MMN,Ward,NGCC,0.393969445188957,573.059851323376
DTW-D,by-max,MMN,NJ,NGCC,0.263861341910122,442.959273082925
DTW-D,by-max,MMN,Single,PNCC,0.496399535423926,1084.11950422862
DTW-D,by-max,MMN,Complete,PNCC,0.272250513713928,481.366365788461
DTW-D,by-max,MMN,UPGMA,PNCC,0.337076744393818,616.081944516749
DTW-D,by-max,MMN,WPGMA,PNCC,0.358268560707585,744.75962298905
DTW-D,by-max,MMN,UPGMC,PNCC,0.533520950594121,1394.12921275108
DTW-D,by-max,MMN,WPGMC,PNCC,0.479299562226391,1199.32439700623
DTW-D,by-max,MMN,Ward,PNCC,0.378968998481194,552.327432985197
DTW-D,by-max,MMN,NJ,PNCC,0.263637988028232,468.868820634149
DTW-D,by-max,MMN,Single,PSRCC,0.742687393906906,1555.17074519821
DTW-D,by-max,MMN,Complete,PSRCC,0.710354685964442,1202.35067753413
DTW-D,by-max,MMN,UPGMA,PSRCC,0.708031805592781,1555.17074519821
DTW-D,by-max,MMN,WPGMA,PSRCC,0.709202179933887,1461.02890398572
DTW-D,by-max,MMN,UPGMC,PSRCC,0.710149200393103,1555.17074519821
DTW-D,by-max,MMN,WPGMC,PSRCC,0.712373805056732,1555.17074519821
DTW-D,by-max,MMN,Ward,PSRCC,0.707477887965693,1454.04075176306
DTW-D,by-max,MMN,NJ,PSRCC,0.73768426695256,1010.51817076056
DTW-D,by-max,MMN,Single,RPLP,0.495702671312427,1357.5814112695
DTW-D,by-max,MMN,Complete,RPLP,0.306548735817029,729.910707957074
DTW-D,by-max,MMN,UPGMA,RPLP,0.340471723398553,835.160441387061
DTW-D,by-max,MMN,WPGMA,RPLP,0.449977664611811,898.608632107729
DTW-D,by-max,MMN,UPGMC,RPLP,0.567274189225409,1499.69751621947
DTW-D,by-max,MMN,WPGMC,RPLP,0.499830251049763,1296.36610138545
DTW-D,by-max,MMN,Ward,RPLP,0.397069597069597,722.718404095198
DTW-D,by-max,MMN,NJ,RPLP,0.351567944250871,704.054956659374
DTW-D,by-max,MMVN,Single,BFCC,0.664245510586974,1417.44363176263
DTW-D,by-max,MMVN,Complete,BFCC,0.351237380505673,565.02317352117
DTW-D,by-max,MMVN,UPGMA,BFCC,0.427910301081033,841.735343330958
DTW-D,by-max,MMVN,WPGMA,BFCC,0.431028321272224,775.685948859169
DTW-D,by-max,MMVN,UPGMC,BFCC,0.563789868667917,1533.19953562191
DTW-D,by-max,MMVN,WPGMC,BFCC,0.612489949075315,1406.16793669431
DTW-D,by-max,MMVN,Ward,BFCC,0.393558474046279,528.021823989799
DTW-D,by-max,MMVN,NJ,BFCC,0.305521307960332,554.67610665556
DTW-D,by-max,MMVN,Single,CQCC,0.526873939069061,1239.8040060119
DTW-D,by-max,MMVN,Complete,CQCC,0.280461002412222,589.311245129657
DTW-D,by-max,MMVN,UPGMA,CQCC,0.358599124452783,689.064691214243
DTW-D,by-max,MMVN,WPGMA,CQCC,0.355883141248995,680.455954139977
DTW-D,by-max,MMVN,UPGMC,CQCC,0.546734566246761,1435.89030519305
DTW-D,by-max,MMVN,WPGMC,CQCC,0.571687661931564,1307.5795548095
DTW-D,by-max,MMVN,Ward,CQCC,0.387894219601537,636.963379420412
DTW-D,by-max,MMVN,NJ,CQCC,0.266729205753596,460.799779491884
DTW-D,by-max,MMVN,Single,GFCC,0.655356026087733,1279.13402121088
DTW-D,by-max,MMVN,Complete,GFCC,0.386705976949879,619.858269351699
DTW-D,by-max,MMVN,UPGMA,GFCC,0.391298132761547,763.478739495604
DTW-D,by-max,MMVN,WPGMA,GFCC,0.349289734655588,731.954611423834
DTW-D,by-max,MMVN,UPGMC,GFCC,0.582229965156794,1426.45663046975
DTW-D,by-max,MMVN,WPGMC,GFCC,0.524640400250156,1320.5129428968
DTW-D,by-max,MMVN,Ward,GFCC,0.414964710086661,576.246079342372
DTW-D,by-max,MMVN,NJ,GFCC,0.278656303046547,548.953348197488
DTW-D,by-max,MMVN,Single,IMFCC,0.532761547395694,1257.24112062235
DTW-D,by-max,MMVN,Complete,IMFCC,0.390994371482176,733.248536148778
DTW-D,by-max,MMVN,UPGMA,IMFCC,0.357652103993567,699.687957713955
DTW-D,by-max,MMVN,WPGMA,IMFCC,0.315911730545877,729.474599591258
DTW-D,by-max,MMVN,UPGMC,IMFCC,0.576735459662289,1533.19953562191
DTW-D,by-max,MMVN,WPGMC,IMFCC,0.551165907263468,1404.05740021816
DTW-D,by-max,MMVN,Ward,IMFCC,0.433172518538372,581.247797262436
DTW-D,by-max,MMVN,NJ,IMFCC,0.346868578575896,613.070277019681
DTW-D,by-max,MMVN,Single,LFCC,0.412570356472795,1022.82834634437
DTW-D,by-max,MMVN,Complete,LFCC,0.341990529795408,663.480664473175
DTW-D,by-max,MMVN,UPGMA,LFCC,0.360394889663182,740.192053792131
DTW-D,by-max,MMVN,WPGMA,LFCC,0.369132493522737,723.176358216218
DTW-D,by-max,MMVN,UPGMC,LFCC,0.543160904136514,1453.96761976763
DTW-D,by-max,MMVN,WPGMC,LFCC,0.522219244170464,1356.14574891276
DTW-D,by-max,MMVN,Ward,LFCC,0.430626284284821,622.560262432971
DTW-D,by-max,MMVN,NJ,LFCC,0.284874475118378,534.076371102951
DTW-D,by-max,MMVN,Single,logFBank,0.559662288930582,1406.36627419451
DTW-D,by-max,MMVN,Complete,logFBank,0.288439203073349,641.11770324814
DTW-D,by-max,MMVN,UPGMA,logFBank,0.37451085499866,809.317383455577
DTW-D,by-max,MMVN,WPGMA,logFBank,0.333637094612704,804.694674610034
DTW-D,by-max,MMVN,UPGMC,logFBank,0.524515322076298,1533.19953562191
DTW-D,by-max,MMVN,WPGMC,logFBank,0.550138479406772,1310.18468244204
DTW-D,by-max,MMVN,Ward,logFBank,0.367872777628875,704.580161822747
DTW-D,by-max,MMVN,NJ,logFBank,0.269498793889038,541.679993232102
DTW-D,by-max,MMVN,Single,LPCC,0.473447690520861,1168.85074085704
DTW-D,by-max,MMVN,Complete,LPCC,0.361592066470115,688.117249001885
DTW-D,by-max,MMVN,UPGMA,LPCC,0.367166979362101,753.46398141776
DTW-D,by-max,MMVN,WPGMA,LPCC,0.407317073170732,732.644783871353
DTW-D,by-max,MMVN,UPGMC,LPCC,0.558009470204592,1370.11328762453
DTW-D,by-max,MMVN,WPGMC,LPCC,0.603252032520325,1308.33986159107
DTW-D,by-max,MMVN,Ward,LPCC,0.3465737514518,635.829638911112
DTW-D,by-max,MMVN,NJ,LPCC,0.281274010542303,661.654088129511
DTW-D,by-max,MMVN,Single,MFCC,0.399463950683463,1011.83533966316
DTW-D,by-max,MMVN,Complete,MFCC,0.332573930134906,640.307201449495
DTW-D,by-max,MMVN,UPGMA,MFCC,0.337300098275708,604.481993826833
DTW-D,by-max,MMVN,WPGMA,MFCC,0.335870633431609,594.92969709658
DTW-D,by-max,MMVN,UPGMC,MFCC,0.535843830965782,1410.28997158388
DTW-D,by-max,MMVN,WPGMC,MFCC,0.528678638434736,1223.71178077229
DTW-D,by-max,MMVN,Ward,MFCC,0.393138568748325,522.829805217506
DTW-D,by-max,MMVN,NJ,MFCC,0.265737514518002,437.785836063454
DTW-D,by-max,MMVN,Single,MSRCC,0.421236487090146,971.501524901688
DTW-D,by-max,MMVN,Complete,MSRCC,0.350281425891182,576.507080559534
DTW-D,by-max,MMVN,UPGMA,MSRCC,0.346386134191012,614.801967107597
DTW-D,by-max,MMVN,WPGMA,MSRCC,0.340373447690521,601.712103343594
DTW-D,by-max,MMVN,UPGMC,MSRCC,0.51486643437863,1435.89030519305
DTW-D,by-max,MMVN,WPGMC,MSRCC,0.50787099079782,1270.3797371223
DTW-D,by-max,MMVN,Ward,MSRCC,0.393254712766908,514.241090581924
DTW-D,by-max,MMVN,NJ,MSRCC,0.271589386223533,509.769398360481
DTW-D,by-max,MMVN,Single,NGCC,0.35624050746002,905.656529439745
DTW-D,by-max,MMVN,Complete,NGCC,0.336531760922005,612.305436047807
DTW-D,by-max,MMVN,UPGMA,NGCC,0.336621102474761,624.737895658412
DTW-D,by-max,MMVN,WPGMA,NGCC,0.33487000804074,616.284255981074
DTW-D,by-max,MMVN,UPGMC,NGCC,0.543044760117931,1368.88162193843
DTW-D,by-max,MMVN,WPGMC,NGCC,0.577628875189851,1298.06155714351
DTW-D,by-max,MMVN,Ward,NGCC,0.36419190565532,558.807832178682
DTW-D,by-max,MMVN,NJ,NGCC,0.262306798892165,477.263554535367
DTW-D,by-max,MMVN,Single,PNCC,0.406102028053248,881.623676875359
DTW-D,by-max,MMVN,Complete,PNCC,0.27610113463772,620.832606387082
DTW-D,by-max,MMVN,UPGMA,PNCC,0.332225498079157,586.861527224371
DTW-D,by-max,MMVN,WPGMA,PNCC,0.357571696596087,719.544499996341
DTW-D,by-max,MMVN,UPGMC,PNCC,0.534548378450817,1391.8299832408
DTW-D,by-max,MMVN,WPGMC,PNCC,0.4855624050746,1215.07678845011
DTW-D,by-max,MMVN,Ward,PNCC,0.37652997409095,481.310017765337
DTW-D,by-max,MMVN,NJ,PNCC,0.262646296792638,449.162870128796
DTW-D,by-max,MMVN,Single,PSRCC,0.741195389975878,1555.17074519821
DTW-D,by-max,MMVN,Complete,PSRCC,0.710935406057357,1197.66885349416
DTW-D,by-max,MMVN,UPGMA,PSRCC,0.708031805592781,1555.17074519821
DTW-D,by-max,MMVN,WPGMA,PSRCC,0.709202179933887,1461.02890398572
DTW-D,by-max,MMVN,UPGMC,PSRCC,0.710274278566961,1555.17074519821
DTW-D,by-max,MMVN,WPGMC,PSRCC,0.712909854373269,1555.17074519821
DTW-D,by-max,MMVN,Ward,PSRCC,0.707602966139552,1454.04075176306
DTW-D,by-max,MMVN,NJ,PSRCC,0.744581434825337,1009.57142998871
DTW-D,by-max,MMVN,Single,RPLP,0.573983739837398,1339.65853219084
DTW-D,by-max,MMVN,Complete,RPLP,0.385026355758063,863.225851294086
DTW-D,by-max,MMVN,UPGMA,RPLP,0.429589922272849,934.240765813606
DTW-D,by-max,MMVN,WPGMA,RPLP,0.442410435093362,897.360395548021
DTW-D,by-max,MMVN,UPGMC,RPLP,0.580487804878049,1523.79225786581
DTW-D,by-max,MMVN,WPGMC,RPLP,0.659188778700974,1444.22428724074
DTW-D,by-max,MMVN,Ward,RPLP,0.43293129634593,764.833298192041
DTW-D,by-max,MMVN,NJ,RPLP,0.307549361207898,518.458417250008
DTW-D,by-max,none,Single,BFCC,0.60454748503529,1345.12804988783
DTW-D,by-max,none,Complete,BFCC,0.413472706155633,689.732945472355
DTW-D,by-max,none,UPGMA,BFCC,0.456982042347896,828.407267716114
DTW-D,by-max,none,WPGMA,BFCC,0.439908871616189,927.374882238515
DTW-D,by-max,none,UPGMC,BFCC,0.573965871526847,1533.19953562191
DTW-D,by-max,none,WPGMC,BFCC,0.637416242294291,1459.81283688925
DTW-D,by-max,none,Ward,BFCC,0.433967658357902,715.855233380344
DTW-D,by-max,none,NJ,BFCC,0.273903332439918,582.911717588481
DTW-D,by-max,none,Single,CQCC,0.464370588760833,1070.60508719017
DTW-D,by-max,none,Complete,CQCC,0.334307156258376,560.852405601952
DTW-D,by-max,none,UPGMA,CQCC,0.337335834896811,562.072950384519
DTW-D,by-max,none,WPGMA,CQCC,0.342222817832574,615.910006403238
DTW-D,by-max,none,UPGMC,CQCC,0.564227642276423,1500.65034002346
DTW-D,by-max,none,WPGMC,CQCC,0.599383543285982,1285.18146192114
DTW-D,by-max,none,Ward,CQCC,0.406119896363799,548.475006025118
DTW-D,by-max,none,NJ,CQCC,0.265022782095953,391.156865760125
DTW-D,by-max,none,Single,GFCC,0.738917180380595,1505.5458493729
DTW-D,by-max,none,Complete,GFCC,0.477780755829536,877.332996036489
DTW-D,by-max,none,UPGMA,GFCC,0.54751183775574,1003.55244182556
DTW-D,by-max,none,WPGMA,GFCC,0.491994996873046,989.509024348383
DTW-D,by-max,none,UPGMC,GFCC,0.717010631644778,1535.20499649728
DTW-D,by-max,none,WPGMC,GFCC,0.661413383364603,1292.14173425854
DTW-D,by-max,none,Ward,GFCC,0.489716787277763,855.442623546622
DTW-D,by-max,none,NJ,GFCC,0.318118466898955,660.087060708264
DTW-D,by-max,none,Single,IMFCC,0.51710890735281,1239.07137146528
DTW-D,by-max,none,Complete,IMFCC,0.367247386759582,684.560564008727
DTW-D,by-max,none,UPGMA,IMFCC,0.362574823550433,734.731309010586
DTW-D,by-max,none,WPGMA,IMFCC,0.44259805235415,722.357749265307
DTW-D,by-max,none,UPGMC,IMFCC,0.58389171803806,1533.19953562191
DTW-D,by-max,none,WPGMC,IMFCC,0.539220941659966,1365.96384842031
DTW-D,by-max,none,Ward,IMFCC,0.41682301438399,658.999760847176
DTW-D,by-max,none,NJ,IMFCC,0.356017153578129,623.026030660553
DTW-D,by-max,none,Single,LFCC,0.477387652997409,1217.95557336214
DTW-D,by-max,none,Complete,LFCC,0.338961851156973,640.863376544107
DTW-D,by-max,none,UPGMA,LFCC,0.356294112391673,689.670043968313
DTW-D,by-max,none,WPGMA,LFCC,0.406745287233092,798.195341108512
DTW-D,by-max,none,UPGMC,LFCC,0.581175734834271,1524.61082098632
DTW-D,by-max,none,WPGMC,LFCC,0.529723934601983,1306.40660243199
DTW-D,by-max,none,Ward,LFCC,0.422371124810149,615.006163488494
DTW-D,by-max,none,NJ,LFCC,0.279442508710801,520.46426017935
DTW-D,by-max,none,Single,logFBank,0.517260787992495,1186.44736900672
DTW-D,by-max,none,Complete,logFBank,0.323416420977397,685.372047639276
DTW-D,by-max,none,UPGMA,logFBank,0.348968105065666,707.393554446217
DTW-D,by-max,none,WPGMA,logFBank,0.435531135531136,733.264328607468
DTW-D,by-max,none,UPGMC,logFBank,0.580773697846869,1533.19953562191
DTW-D,by-max,none,WPGMC,logFBank,0.629009202179934,1379.31829909512
DTW-D,by-max,none,Ward,logFBank,0.426516572858036,724.467040355124
DTW-D,by-max,none,NJ,logFBank,0.266952559635486,424.324326164466
DTW-D,by-max,none,Single,LPCC,0.460251943178772,1053.78597458656
DTW-D,by-max,none,Complete,LPCC,0.386759581881533,707.107308694715
DTW-D,by-max,none,UPGMA,LPCC,0.340346645224694,788.825273611102
DTW-D,by-max,none,WPGMA,LPCC,0.354283927454659,734.289145180491
DTW-D,by-max,none,UPGMC,LPCC,0.611265969802555,1419.69920933786
DTW-D,by-max,none,WPGMC,LPCC,0.609648887697668,1171.01831985064
DTW-D,by-max,none,Ward,LPCC,0.3830340391316,699.657061750426
DTW-D,by-max,none,NJ,LPCC,0.313990887161619,618.268133643233
DTW-D,by-max,none,Single,MFCC,0.457205396229786,1029.66139607583
DTW-D,by-max,none,Complete,MFCC,0.316876619315644,531.386780543814
DTW-D,by-max,none,UPGMA,MFCC,0.337791476815867,553.503962281078
DTW-D,by-max,none,WPGMA,MFCC,0.397435897435897,685.174330321795
DTW-D,by-max,none,UPGMC,MFCC,0.560055391762709,1452.49266188705
DTW-D,by-max,none,WPGMC,MFCC,0.56050209952649,1287.68771649401
DTW-D,by-max,none,Ward,MFCC,0.390038416867685,471.848538318051
DTW-D,by-max,none,NJ,MFCC,0.26729205753596,425.814651791049
DTW-D,by-max,none,Single,MSRCC,0.520083981059591,1106.68350898675
DTW-D,by-max,none,Complete,MSRCC,0.390083087644063,674.764626059344
DTW-D,by-max,none,UPGMA,MSRCC,0.42895559724828,754.741349799218
DTW-D,by-max,none,WPGMA,MSRCC,0.43119807022246,783.518715064166
DTW-D,by-max,none,UPGMC,MSRCC,0.549941927990709,1371.97503804727
DTW-D,by-max,none,WPGMC,MSRCC,0.611373179665863,1266.86979257944
DTW-D,by-max,none,Ward,MSRCC,0.367300991691236,633.805831345839
DTW-D,by-max,none,NJ,MSRCC,0.279558652729384,612.320984121849
DTW-D,by-max,none,Single,NGCC,0.387000804073975,890.839195238815
DTW-D,by-max,none,Complete,NGCC,0.340918431162334,564.496923507592
DTW-D,by-max,none,UPGMA,NGCC,0.341981595640132,643.686083942926
DTW-D,by-max,none,WPGMA,NGCC,0.339756990976503,611.914030541886
DTW-D,by-max,none,UPGMC,NGCC,0.555043330653087,1390.73354809825
DTW-D,by-max,none,WPGMC,NGCC,0.568399892790137,1288.09020629539
DTW-D,by-max,none,Ward,NGCC,0.395273831859198,576.966741918984
DTW-D,by-max,none,NJ,NGCC,0.26729205753596,457.452903231369
DTW-D,by-max,none,Single,PNCC,0.516063611185562,1147.93117420933
DTW-D,by-max,none,Complete,PNCC,0.272250513713928,481.366365788461
DTW-D,by-max,none,UPGMA,PNCC,0.337076744393818,616.081944516749
DTW-D,by-max,none,WPGMA,PNCC,0.358929688197981,744.75962298905
DTW-D,by-max,none,UPGMC,PNCC,0.533717502010185,1394.12921275108
DTW-D,by-max,none,WPGMC,PNCC,0.453158223889931,1140.34583456576
DTW-D,by-max,none,Ward,PNCC,0.378004109711427,544.332868556677
DTW-D,by-max,none,NJ,PNCC,0.263637988028232,464.186996594176
DTW-D,by-max,none,Single,PSRCC,0.743348521397302,1555.17074519821
DTW-D,by-max,none,Complete,PSRCC,0.705280085767891,1202.35067753413
DTW-D,by-max,none,UPGMA,PSRCC,0.711265969802555,1555.17074519821
DTW-D,by-max,none,WPGMA,PSRCC,0.71523273474493,1492.29367366003
DTW-D,by-max,none,UPGMC,PSRCC,0.712221924417046,1555.17074519821
DTW-D,by-max,none,WPGMC,PSRCC,0.71494684177611,1555.17074519821
DTW-D,by-max,none,Ward,PSRCC,0.709648887697668,1454.04075176306
DTW-D,by-max,none,NJ,PSRCC,0.742624854819977,1016.53712842467
DTW-D,by-max,none,Single,RPLP,0.488439203073349,1296.30597690442
DTW-D,by-max,none,Complete,RPLP,0.375323863128741,790.421296970733
DTW-D,by-max,none,UPGMA,RPLP,0.357669972304119,845.487479590829
DTW-D,by-max,none,WPGMA,RPLP,0.427427856696149,899.143170468148
DTW-D,by-max,none,UPGMC,RPLP,0.565674975431073,1499.69751621947
DTW-D,by-max,none,WPGMC,RPLP,0.468730456535335,1296.98922002174
DTW-D,by-max,none,Ward,RPLP,0.361815420352006,690.607759111099
DTW-D,by-max,none,NJ,RPLP,0.327695881354418,713.905851277535
DTW-D,by-sum,CMN,Single,BFCC,0.512186187795944,1101.87964409166
DTW-D,by-sum,CMN,Complete,BFCC,0.486062717770035,794.428217479416
DTW-D,by-sum,CMN,UPGMA,BFCC,0.520405610649513,934.456459993483
DTW-D,by-sum,CMN,WPGMA,BFCC,0.487572590011614,898.723685420761
DTW-D,by-sum,CMN,UPGMC,BFCC,0.576154739569374,1533.19953562191
DTW-D,by-sum,CMN,WPGMC,BFCC,0.623961404449209,1362.02216007632
DTW-D,by-sum,CMN,Ward,BFCC,0.468105065666041,768.365991231428
DTW-D,by-sum,CMN,NJ,BFCC,0.285517734298222,466.231604695773
DTW-D,by-sum,CMN,Single,CQCC,0.412650763870276,937.039392791417
DTW-D,by-sum,CMN,Complete,CQCC,0.339292414902171,648.602302266163
DTW-D,by-sum,CMN,UPGMA,CQCC,0.357580630751362,660.785011665553
DTW-D,by-sum,CMN,WPGMA,CQCC,0.409988385598142,740.554430667645
DTW-D,by-sum,CMN,UPGMC,CQCC,0.572884838738497,1398.60076457327
DTW-D,by-sum,CMN,WPGMC,CQCC,0.567202715983204,1311.29504962915
DTW-D,by-sum,CMN,Ward,CQCC,0.420423478960064,629.16531674809
DTW-D,by-sum,CMN,NJ,CQCC,0.262646296792638,494.873020064329
DTW-D,by-sum,CMN,Single,GFCC,0.681032788349861,1371.26038907296
DTW-D,by-sum,CMN,Complete,GFCC,0.449218261413383,834.637857216785
DTW-D,by-sum,CMN,UPGMA,GFCC,0.605816135084428,1032.02805997809
DTW-D,by-sum,CMN,WPGMA,GFCC,0.433038506209238,915.446604808234
DTW-D,by-sum,CMN,UPGMC,GFCC,0.722112034307156,1483.01266387593
DTW-D,by-sum,CMN,WPGMC,GFCC,0.687831680514607,1324.68016218406
DTW-D,by-sum,CMN,Ward,GFCC,0.410077727150898,730.849672292752
DTW-D,by-sum,CMN,NJ,GFCC,0.284999553292236,586.753378604455
DTW-D,by-sum,CMN,Single,IMFCC,0.428044313410167,934.121421289731
DTW-D,by-sum,CMN,Complete,IMFCC,0.38201554543018,659.119564262353
DTW-D,by-sum,CMN,UPGMA,IMFCC,0.326882873224337,631.562624164855
DTW-D,by-sum,CMN,WPGMA,IMFCC,0.431778790315376,777.967222841077
DTW-D,by-sum,CMN,UPGMC,IMFCC,0.574868221209685,1501.16053475578
DTW-D,by-sum,CMN,WPGMC,IMFCC,0.59076208344501,1306.15877082227
DTW-D,by-sum,CMN,Ward,IMFCC,0.370159921379434,532.446527462987
DTW-D,by-sum,CMN,NJ,IMFCC,0.274743143035826,532.874998344477
DTW-D,by-sum,CMN,Single,LFCC,0.402036987402841,883.820709295905
DTW-D,by-sum,CMN,Complete,LFCC,0.324595729473778,594.054045034616
DTW-D,by-sum,CMN,UPGMA,LFCC,0.351067631555436,635.80046637593
DTW-D,by-sum,CMN,WPGMA,LFCC,0.362396140444921,602.152108617662
DTW-D,by-sum,CMN,UPGMC,LFCC,0.567872777628875,1399.26127810699
DTW-D,by-sum,CMN,WPGMC,LFCC,0.61415170195658,1341.52528081555
DTW-D,by-sum,CMN,Ward,LFCC,0.419476458500849,564.775823009672
DTW-D,by-sum,CMN,NJ,LFCC,0.263861341910122,482.901835791924
DTW-D,by-sum,CMN,Single,logFBank,0.426972214777093,989.034853814261
DTW-D,by-sum,CMN,Complete,logFBank,0.30332350576253,660.470831475275
DTW-D,by-sum,CMN,UPGMA,logFBank,0.391110515500759,738.277278511588
DTW-D,by-sum,CMN,WPGMA,logFBank,0.355543643348521,680.691058630303
DTW-D,by-sum,CMN,UPGMC,logFBank,0.554051639417493,1500.28776994408
DTW-D,by-sum,CMN,WPGMC,logFBank,0.615813454837845,1321.33294148933
DTW-D,by-sum,CMN,Ward,logFBank,0.326990083087644,532.815251488601
DTW-D,by-sum,CMN,NJ,logFBank,0.270785312248727,533.414394408794
DTW-D,by-sum,CMN,Single,LPCC,0.484534977217904,1069.68581875984
DTW-D,by-sum,CMN,Complete,LPCC,0.367354596622889,718.928771467155
DTW-D,by-sum,CMN,UPGMA,LPCC,0.36382560528902,836.870421970902
DTW-D,by-sum,CMN,WPGMA,LPCC,0.357821852943804,749.728763746499
DTW-D,by-sum,CMN,UPGMC,LPCC,0.644465290806754,1413.15587460579
DTW-D,by-sum,CMN,WPGMC,LPCC,0.539533637094613,1120.2726191473
DTW-D,by-sum,CMN,Ward,LPCC,0.29869561332976,626.417017737065
DTW-D,by-sum,CMN,NJ,LPCC,0.28411507191995,631.957180527984
DTW-D,by-sum,CMN,Single,MFCC,0.399589028857322,862.570728086511
DTW-D,by-sum,CMN,Complete,MFCC,0.332109354060574,600.900849940237
DTW-D,by-sum,CMN,UPGMA,MFCC,0.356937371571518,664.691902261161
DTW-D,by-sum,CMN,WPGMA,MFCC,0.353461985169302,658.719849054001
DTW-D,by-sum,CMN,UPGMC,MFCC,0.57300098275708,1357.02950183519
DTW-D,by-sum,CMN,WPGMC,MFCC,0.580210846064505,1309.06919796043
DTW-D,by-sum,CMN,Ward,MFCC,0.439435361386581,669.11556174567
DTW-D,by-sum,CMN,NJ,MFCC,0.263861341910122,482.901835791924
DTW-D,by-sum,CMN,Single,MSRCC,0.533797909407665,1147.55167776211
DTW-D,by-sum,CMN,Complete,MSRCC,0.357500223353882,766.137398315214
DTW-D,by-sum,CMN,UPGMA,MSRCC,0.483310997945144,889.659488759863
DTW-D,by-sum,CMN,WPGMA,MSRCC,0.428901992316626,806.310469597204
DTW-D,by-sum,CMN,UPGMC,MSRCC,0.587492182614134,1443.24732693575
DTW-D,by-sum,CMN,WPGMC,MSRCC,0.619440721879746,1264.24355602783
DTW-D,by-sum,CMN,Ward,MSRCC,0.354793174305369,645.674768348259
DTW-D,by-sum,CMN,NJ,MSRCC,0.297989815062986,630.916356812842
DTW-D,by-sum,CMN,Single,NGCC,0.351594746716698,866.332139292666
DTW-D,by-sum,CMN,Complete,NGCC,0.302555168408827,597.518380303415
DTW-D,by-sum,CMN,UPGMA,NGCC,0.367854909318324,719.815502461779
DTW-D,by-sum,CMN,WPGMA,NGCC,0.361529527383186,701.745974626634
DTW-D,by-sum,CMN,UPGMC,NGCC,0.582935763423568,1345.15323629723
DTW-D,by-sum,CMN,WPGMC,NGCC,0.562029840078621,1200.32449888546
DTW-D,by-sum,CMN,Ward,NGCC,0.389654248190834,583.122533873963
DTW-D,by-sum,CMN,NJ,NGCC,0.264960243009023,454.50467821632
DTW-D,by-sum,CMN,Single,PNCC,0.375252389886536,844.562389265777
DTW-D,by-sum,CMN,Complete,PNCC,0.313704994192799,605.825334667421
DTW-D,by-sum,CMN,UPGMA,PNCC,0.35703564727955,695.620754599243
DTW-D,by-sum,CMN,WPGMA,PNCC,0.358491914589476,651.974948621965
DTW-D,by-sum,CMN,UPGMC,PNCC,0.519485392656124,1349.30991001311
DTW-D,by-sum,CMN,WPGMC,PNCC,0.471089073528098,1126.90497154932
DTW-D,by-sum,CMN,Ward,PNCC,0.351889573840793,525.315378613875
DTW-D,by-sum,CMN,NJ,PNCC,0.258715268471366,390.419838494486
DTW-D,by-sum,CMN,Single,PSRCC,0.720870186723845,1555.17074519821
DTW-D,by-sum,CMN,Complete,PSRCC,0.692647190208166,1206.60905722822
DTW-D,by-sum,CMN,UPGMA,PSRCC,0.713383364602877,1555.17074519821
DTW-D,by-sum,CMN,WPGMA,PSRCC,0.701813633520951,1419.28492871133
DTW-D,by-sum,CMN,UPGMC,PSRCC,0.713383364602877,1555.17074519821
DTW-D,by-sum,CMN,WPGMC,PSRCC,0.717814705619584,1555.17074519821
DTW-D,by-sum,CMN,Ward,PSRCC,0.678692039667649,1333.89932464787
DTW-D,by-sum,CMN,NJ,PSRCC,0.596506745287233,1019.69270940786
DTW-D,by-sum,CMN,Single,RPLP,0.506378986866792,1230.68029058005
DTW-D,by-sum,CMN,Complete,RPLP,0.429009202179934,685.236413238566
DTW-D,by-sum,CMN,UPGMA,RPLP,0.346314660948807,803.375686624314
DTW-D,by-sum,CMN,WPGMA,RPLP,0.406682748146163,875.161119280036
DTW-D,by-sum,CMN,UPGMC,RPLP,0.585205038863575,1507.05453796217
DTW-D,by-sum,CMN,WPGMC,RPLP,0.591467881711784,1314.53854080293
DTW-D,by-sum,CMN,Ward,RPLP,0.431332082551595,691.000837801201
DTW-D,by-sum,CMN,NJ,RPLP,0.333520950594121,495.262208247941
DTW-D,by-sum,CMVN,Single,BFCC,0.623791655498973,1304.78295528955
DTW-D,by-sum,CMVN,Complete,BFCC,0.50693290449388,791.712737586678
DTW-D,by-sum,CMVN,UPGMA,BFCC,0.516867685160368,975.784593301496
DTW-D,by-sum,CMVN,WPGMA,BFCC,0.48389171803806,848.09176644636
DTW-D,by-sum,CMVN,UPGMC,BFCC,0.595389975877781,1533.19953562191
DTW-D,by-sum,CMVN,WPGMC,BFCC,0.658027338515143,1488.55297325943
DTW-D,by-sum,CMVN,Ward,BFCC,0.437755740194765,735.188524466783
DTW-D,by-sum,CMVN,NJ,BFCC,0.279692665058519,529.062664217498
DTW-D,by-sum,CMVN,Single,CQCC,0.678129187885285,1461.77300300571
DTW-D,by-sum,CMVN,Complete,CQCC,0.4216563923881,876.672763269778
DTW-D,by-sum,CMVN,UPGMA,CQCC,0.548726882873224,1035.36883348967
DTW-D,by-sum,CMVN,WPGMA,CQCC,0.526034128473153,851.621917153426
DTW-D,by-sum,CMVN,UPGMC,CQCC,0.623523630840704,1533.19953562191
DTW-D,by-sum,CMVN,WPGMC,CQCC,0.651612615027249,1533.19953562191
DTW-D,by-sum,CMVN,Ward,CQCC,0.514366121683195,975.142896230853
DTW-D,by-sum,CMVN,NJ,CQCC,0.31668006789958,523.07151977457
DTW-D,by-sum,CMVN,Single,GFCC,0.597364424193693,1248.91065547622
DTW-D,by-sum,CMVN,Complete,GFCC,0.404145448047887,775.38979803958
DTW-D,by-sum,CMVN,UPGMA,GFCC,0.470177789689985,899.563987268096
DTW-D,by-sum,CMVN,WPGMA,GFCC,0.507317073170732,818.695831202898
DTW-D,by-sum,CMVN,UPGMC,GFCC,0.56303046546949,1533.19953562191
DTW-D,by-sum,CMVN,WPGMC,GFCC,0.662967926382561,1488.55297325943
DTW-D,by-sum,CMVN,Ward,GFCC,0.482623067988922,815.027240673918
DTW-D,by-sum,CMVN,NJ,GFCC,0.320548557133923,559.332413341687
DTW-D,by-sum,CMVN,Single,IMFCC,0.674216027874564,1495.7130547452
DTW-D,by-sum,CMVN,Complete,IMFCC,0.410953274367909,829.824301471118
DTW-D,by-sum,CMVN,UPGMA,IMFCC,0.554569820423479,1049.77835722835
DTW-D,by-sum,CMVN,WPGMA,IMFCC,0.566818547306352,961.055393424008
DTW-D,by-sum,CMVN,UPGMC,IMFCC,0.634423300276959,1555.17074519821
DTW-D,by-sum,CMVN,WPGMC,IMFCC,0.616510318949343,1555.17074519821
DTW-D,by-sum,CMVN,Ward,IMFCC,0.459581881533101,870.756284270498
DTW-D,by-sum,CMVN,NJ,IMFCC,0.287170553024212,628.100787824414
DTW-D,by-sum,CMVN,Single,LFCC,0.643214509068168,1382.36784230345
DTW-D,by-sum,CMVN,Complete,LFCC,0.427115161261503,785.302410604457
DTW-D,by-sum,CMVN,UPGMA,LFCC,0.5339319217368,1007.10162912501
DTW-D,by-sum,CMVN,WPGMA,LFCC,0.463343160904137,838.665062262737
DTW-D,by-sum,CMVN,UPGMC,LFCC,0.59812382739212,1555.17074519821
DTW-D,by-sum,CMVN,WPGMC,LFCC,0.621665326543375,1555.17074519821
DTW-D,by-sum,CMVN,Ward,LFCC,0.473787188421335,839.86305464915
DTW-D,by-sum,CMVN,NJ,LFCC,0.2851961047083,536.94104077664
DTW-D,by-sum,CMVN,Single,logFBank,0.499946395068346,1197.27560857755
DTW-D,by-sum,CMVN,Complete,logFBank,0.412454212454212,697.313741500276
DTW-D,by-sum,CMVN,UPGMA,logFBank,0.388001429464844,808.809224327842
DTW-D,by-sum,CMVN,WPGMA,logFBank,0.36808719735549,649.445964038102
DTW-D,by-sum,CMVN,UPGMC,logFBank,0.554266059144108,1463.68496110674
DTW-D,by-sum,CMVN,WPGMC,logFBank,0.573563834539444,1328.95274267168
DTW-D,by-sum,CMVN,Ward,logFBank,0.406441525953721,578.471868599477
DTW-D,by-sum,CMVN,NJ,logFBank,0.26245867953185,394.063019107454
DTW-D,by-sum,CMVN,Single,LPCC,0.541016706870365,1378.27045214326
DTW-D,by-sum,CMVN,Complete,LPCC,0.412891986062718,737.350649842816
DTW-D,by-sum,CMVN,UPGMA,LPCC,0.364200839810596,892.03878017922
DTW-D,by-sum,CMVN,WPGMA,LPCC,0.389913338693826,768.066689777717
DTW-D,by-sum,CMVN,UPGMC,LPCC,0.559528276601447,1439.10621533798
DTW-D,by-sum,CMVN,WPGMC,LPCC,0.491280264450996,1277.05058359096
DTW-D,by-sum,CMVN,Ward,LPCC,0.393871169480926,632.124503483486
DTW-D,by-sum,CMVN,NJ,LPCC,0.275708031805593,536.174000837648
DTW-D,by-sum,CMVN,Single,MFCC,0.639810595908157,1321.57183786986
DTW-D,by-sum,CMVN,Complete,MFCC,0.413249352273743,752.154734570453
DTW-D,by-sum,CMVN,UPGMA,MFCC,0.515429286160993,951.307907588694
DTW-D,by-sum,CMVN,WPGMA,MFCC,0.528276601447333,868.787200962296
DTW-D,by-sum,CMVN,UPGMC,MFCC,0.60173322612347,1533.19953562191
DTW-D,by-sum,CMVN,WPGMC,MFCC,0.638238184579648,1489.21348679315
DTW-D,by-sum,CMVN,Ward,MFCC,0.473635307781649,828.161027423341
DTW-D,by-sum,CMVN,NJ,MFCC,0.288055034396498,544.556175350991
DTW-D,by-sum,CMVN,Single,MSRCC,0.660171535781292,1503.19257224718
DTW-D,by-sum,CMVN,Complete,MSRCC,0.502948271240954,883.701950294463
DTW-D,by-sum,CMVN,UPGMA,MSRCC,0.532511391047976,1027.97006074468
DTW-D,by-sum,CMVN,WPGMA,MSRCC,0.533708567854909,966.95919277266
DTW-D,by-sum,CMVN,UPGMC,MSRCC,0.61321361565264,1555.17074519821
DTW-D,by-sum,CMVN,WPGMC,MSRCC,0.652246940051818,1555.17074519821
DTW-D,by-sum,CMVN,Ward,MSRCC,0.556544268739391,980.544911163284
DTW-D,by-sum,CMVN,NJ,MSRCC,0.321844009648888,556.565780303935
DTW-D,by-sum,CMVN,Single,NGCC,0.642285356919503,1282.30265853661
DTW-D,by-sum,CMVN,Complete,NGCC,0.436844456356651,835.499354503573
DTW-D,by-sum,CMVN,UPGMA,NGCC,0.518145269364782,988.819592045582
DTW-D,by-sum,CMVN,WPGMA,NGCC,0.512025373000983,836.137058422285
DTW-D,by-sum,CMVN,UPGMC,NGCC,0.610095595461449,1533.19953562191
DTW-D,by-sum,CMVN,WPGMC,NGCC,0.665692843741624,1488.04277852711
DTW-D,by-sum,CMVN,Ward,NGCC,0.504288394532297,822.343138113475
DTW-D,by-sum,CMVN,NJ,NGCC,0.270829983025105,553.498866598975
DTW-D,by-sum,CMVN,Single,PNCC,0.640846957920129,1298.71105726457
DTW-D,by-sum,CMVN,Complete,PNCC,0.440900562851782,884.14220601298
DTW-D,by-sum,CMVN,UPGMA,PNCC,0.509282587331368,957.39289449069
DTW-D,by-sum,CMVN,WPGMA,PNCC,0.483302063789869,818.742699321366
DTW-D,by-sum,CMVN,UPGMC,PNCC,0.590556597873671,1533.19953562191
DTW-D,by-sum,CMVN,WPGMC,PNCC,0.659233449477352,1488.55297325943
DTW-D,by-sum,CMVN,Ward,PNCC,0.511882426516573,847.176383888042
DTW-D,by-sum,CMVN,NJ,PNCC,0.27732511391048,470.487693825214
DTW-D,by-sum,CMVN,Single,PSRCC,0.744447422496203,1555.17074519821
DTW-D,by-sum,CMVN,Complete,PSRCC,0.724032877691414,1240.5139988957
DTW-D,by-sum,CMVN,UPGMA,PSRCC,0.740793352988475,1555.17074519821
DTW-D,by-sum,CMVN,WPGMA,PSRCC,0.71580452068257,1335.22849092816
DTW-D,by-sum,CMVN,UPGMC,PSRCC,0.740793352988475,1555.17074519821
DTW-D,by-sum,CMVN,WPGMC,PSRCC,0.745180023228804,1555.17074519821
DTW-D,by-sum,CMVN,Ward,PSRCC,0.720557491289199,1369.00486179745
DTW-D,by-sum,CMVN,NJ,PSRCC,0.590797820066113,931.755000366649
DTW-D,by-sum,CMVN,Single,RPLP,0.689323684445636,1537.88135966188
DTW-D,by-sum,CMVN,Complete,RPLP,0.518779594389351,879.902889541339
DTW-D,by-sum,CMVN,UPGMA,RPLP,0.557428750111677,1137.60896137317
DTW-D,by-sum,CMVN,WPGMA,RPLP,0.432109354060574,952.825931743809
DTW-D,by-sum,CMVN,UPGMC,RPLP,0.623032252300545,1555.17074519821
DTW-D,by-sum,CMVN,WPGMC,RPLP,0.690342178147056,1555.17074519821
DTW-D,by-sum,CMVN,Ward,RPLP,0.554435808094345,1009.58499958106
DTW-D,by-sum,CMVN,NJ,RPLP,0.275234521575985,525.181665728058
DTW-D,by-sum,MMN,Single,BFCC,0.530778164924506,1114.22264556317
DTW-D,by-sum,MMN,Complete,BFCC,0.411176628249799,637.681828030629
DTW-D,by-sum,MMN,UPGMA,BFCC,0.496265523094791,828.040059207691
DTW-D,by-sum,MMN,WPGMA,BFCC,0.462690967569016,850.830673266792
DTW-D,by-sum,MMN,UPGMC,BFCC,0.572607879924953,1533.19953562191
DTW-D,by-sum,MMN,WPGMC,BFCC,0.606816760475297,1410.91330075672
DTW-D,by-sum,MMN,Ward,BFCC,0.420762976860538,703.840561838414
DTW-D,by-sum,MMN,NJ,BFCC,0.278683105512374,510.525197215637
DTW-D,by-sum,MMN,Single,CQCC,0.439685517734298,979.559121325618
DTW-D,by-sum,MMN,Complete,CQCC,0.342857142857143,595.626756687991
DTW-D,by-sum,MMN,UPGMA,CQCC,0.399499687304565,678.956765263926
DTW-D,by-sum,MMN,WPGMA,CQCC,0.344438488340927,625.578856917901
DTW-D,by-sum,MMN,UPGMC,CQCC,0.536299472884839,1435.89030519305
DTW-D,by-sum,MMN,WPGMC,CQCC,0.543830965782185,1283.05382743216
DTW-D,by-sum,MMN,Ward,CQCC,0.427847761994103,675.171528648259
DTW-D,by-sum,MMN,NJ,CQCC,0.265362279996426,406.876514206837
DTW-D,by-sum,MMN,Single,GFCC,0.687331367819173,1415.2478549659
DTW-D,by-sum,MMN,Complete,GFCC,0.48397212543554,864.90583127674
DTW-D,by-sum,MMN,UPGMA,GFCC,0.633842580184044,1063.38250965372
DTW-D,by-sum,MMN,WPGMA,GFCC,0.412150451174841,921.492203810233
DTW-D,by-sum,MMN,UPGMC,GFCC,0.720995264897704,1475.66563295898
DTW-D,by-sum,MMN,WPGMC,GFCC,0.667399267399267,1301.72176271875
DTW-D,by-sum,MMN,Ward,GFCC,0.463906012686501,863.525860139214
DTW-D,by-sum,MMN,NJ,GFCC,0.371491110515501,700.183418393153
DTW-D,by-sum,MMN,Single,IMFCC,0.493111766282498,1125.73581952247
DTW-D,by-sum,MMN,Complete,IMFCC,0.377289377289377,768.224984922596
DTW-D,by-sum,MMN,UPGMA,IMFCC,0.336085053158224,685.55031626064
DTW-D,by-sum,MMN,WPGMA,IMFCC,0.303350308228357,710.434547036166
DTW-D,by-sum,MMN,UPGMC,IMFCC,0.583873849727508,1506.05535717061
DTW-D,by-sum,MMN,WPGMC,IMFCC,0.534164209773966,1321.5340974469
DTW-D,by-sum,MMN,Ward,IMFCC,0.364692218350755,614.683843061419
DTW-D,by-sum,MMN,NJ,IMFCC,0.328419547931743,562.228251623254
DTW-D,by-sum,MMN,Single,LFCC,0.392182614133834,850.036425791861
DTW-D,by-sum,MMN,Complete,LFCC,0.414357187527919,761.713938083729
DTW-D,by-sum,MMN,UPGMA,LFCC,0.343875636558563,583.341461162324
DTW-D,by-sum,MMN,WPGMA,LFCC,0.34757437684267,664.174534928209
DTW-D,by-sum,MMN,UPGMC,LFCC,0.566648798356115,1434.0018710667
DTW-D,by-sum,MMN,WPGMC,LFCC,0.531689448762619,1282.02108744543
DTW-D,by-sum,MMN,Ward,LFCC,0.451433931921737,663.863352328611
DTW-D,by-sum,MMN,NJ,LFCC,0.285928705440901,563.082499361972
DTW-D,by-sum,MMN,Single,logFBank,0.439810595908157,1005.29750359366
DTW-D,by-sum,MMN,Complete,logFBank,0.390637005271152,796.919478488829
DTW-D,by-sum,MMN,UPGMA,logFBank,0.380711158759939,704.425550489858
DTW-D,by-sum,MMN,WPGMA,logFBank,0.375833109979451,708.883809658284
DTW-D,by-sum,MMN,UPGMC,logFBank,0.54208880550344,1452.49266188705
DTW-D,by-sum,MMN,WPGMC,logFBank,0.608031805592781,1309.4052325469
DTW-D,by-sum,MMN,Ward,logFBank,0.463521844009649,669.694873423952
DTW-D,by-sum,MMN,NJ,logFBank,0.269570267131243,546.402630951744
DTW-D,by-sum,MMN,Single,LPCC,0.481506298579469,1063.42193070902
DTW-D,by-sum,MMN,Complete,LPCC,0.390922898239971,683.494794376005
DTW-D,by-sum,MMN,UPGMA,LPCC,0.365451621549183,801.814976081683
DTW-D,by-sum,MMN,WPGMA,LPCC,0.418073796122577,801.570569751849
DTW-D,by-sum,MMN,UPGMC,LPCC,0.648280175109443,1469.70100002086
DTW-D,by-sum,MMN,WPGMC,LPCC,0.589707853122487,1134.22092850341
DTW-D,by-sum,MMN,Ward,LPCC,0.292852675779505,589.798260723762
DTW-D,by-sum,MMN,NJ,LPCC,0.28692933083177,661.742171295503
DTW-D,by-sum,MMN,Single,MFCC,0.400187617260788,902.317497225691
DTW-D,by-sum,MMN,Complete,MFCC,0.334619851693022,699.658987746648
DTW-D,by-sum,MMN,UPGMA,MFCC,0.366890020548557,594.69152022035
DTW-D,by-sum,MMN,WPGMA,MFCC,0.343151969981238,630.059983607638
DTW-D,by-sum,MMN,UPGMC,MFCC,0.562190654873582,1385.56469799692
DTW-D,by-sum,MMN,WPGMC,MFCC,0.544358080943447,1283.05382743216
DTW-D,by-sum,MMN,Ward,MFCC,0.422442598052354,585.217053558515
DTW-D,by-sum,MMN,NJ,MFCC,0.26729205753596,441.933791693427
DTW-D,by-sum,MMN,Single,MSRCC,0.537809345126418,1119.2251821023
DTW-D,by-sum,MMN,Complete,MSRCC,0.345465916197624,730.017686761423
DTW-D,by-sum,MMN,UPGMA,MSRCC,0.429983025104976,761.21976479075
DTW-D,by-sum,MMN,WPGMA,MSRCC,0.423639774859287,734.051206001603
DTW-D,by-sum,MMN,UPGMC,MSRCC,0.594380416331636,1443.24732693575
DTW-D,by-sum,MMN,WPGMC,MSRCC,0.639256678281069,1292.80417534055
DTW-D,by-sum,MMN,Ward,MSRCC,0.341525953721076,576.108848504292
DTW-D,by-sum,MMN,NJ,MSRCC,0.274895023675511,530.835080066473
DTW-D,by-sum,MMN,Single,NGCC,0.380952380952381,842.927558064668
DTW-D,by-sum,MMN,Complete,NGCC,0.33819351380327,639.124812039444
DTW-D,by-sum,MMN,UPGMA,NGCC,0.321942285356919,610.389617574061
DTW-D,by-sum,MMN,WPGMA,NGCC,0.342919681944072,637.213369344016
DTW-D,by-sum,MMN,UPGMC,NGCC,0.579844545698204,1336.1418517042
DTW-D,by-sum,MMN,WPGMC,NGCC,0.506093093897972,1114.73981056979
DTW-D,by-sum,MMN,Ward,NGCC,0.396220852318413,626.735569165401
DTW-D,by-sum,MMN,NJ,NGCC,0.263861341910122,472.813736239614
DTW-D,by-sum,MMN,Single,PNCC,0.375091575091575,886.734855930702
DTW-D,by-sum,MMN,Complete,PNCC,0.317877244706513,610.89903411472
DTW-D,by-sum,MMN,UPGMA,PNCC,0.37567229518449,704.534316381843
DTW-D,by-sum,MMN,WPGMA,PNCC,0.348771553649602,637.610077182431
DTW-D,by-sum,MMN,UPGMC,PNCC,0.526614848566068,1323.98455209969
DTW-D,by-sum,MMN,WPGMC,PNCC,0.461770749575628,1124.43781954641
DTW-D,by-sum,MMN,Ward,PNCC,0.386160993478067,594.061511772665
DTW-D,by-sum,MMN,NJ,PNCC,0.262646296792638,481.499294557792
DTW-D,by-sum,MMN,Single,PSRCC,0.719467524345573,1555.17074519821
DTW-D,by-sum,MMN,Complete,PSRCC,0.692647190208166,1206.60905722822
DTW-D,by-sum,MMN,UPGMA,PSRCC,0.713017064236576,1555.17074519821
DTW-D,by-sum,MMN,WPGMA,PSRCC,0.701813633520951,1419.28492871133
DTW-D,by-sum,MMN,UPGMC,PSRCC,0.713017064236576,1555.17074519821
DTW-D,by-sum,MMN,WPGMC,PSRCC,0.717591351737693,1555.17074519821
DTW-D,by-sum,MMN,Ward,PSRCC,0.679013669257572,1333.89932464787
DTW-D,by-sum,MMN,NJ,PSRCC,0.59653354775306,1015.78581881225
DTW-D,by-sum,MMN,Single,RPLP,0.491432145090682,1174.32712598884
DTW-D,by-sum,MMN,Complete,RPLP,0.342464040025016,684.599846163923
DTW-D,by-sum,MMN,UPGMA,RPLP,0.400339497900474,949.136725559207
DTW-D,by-sum,MMN,WPGMA,RPLP,0.398231037255428,854.420446348792
DTW-D,by-sum,MMN,UPGMC,RPLP,0.56692575716966,1432.76722486202
DTW-D,by-sum,MMN,WPGMC,RPLP,0.533342267488609,1214.33612106153
DTW-D,by-sum,MMN,Ward,RPLP,0.412186187795944,735.684326468884
DTW-D,by-sum,MMN,NJ,RPLP,0.313222549807916,617.617716438681
DTW-D,by-sum,MMVN,Single,BFCC,0.514428660770124,1189.56170694719
DTW-D,by-sum,MMVN,Complete,BFCC,0.35711605467703,623.835112717981
DTW-D,by-sum,MMVN,UPGMA,BFCC,0.410962208523184,749.896978529308
DTW-D,by-sum,MMVN,WPGMA,BFCC,0.378558027338515,798.925938465603
DTW-D,by-sum,MMVN,UPGMC,BFCC,0.566890020548557,1533.19953562191
DTW-D,by-sum,MMVN,WPGMC,BFCC,0.580032162958992,1354.70832113223
DTW-D,by-sum,MMVN,Ward,BFCC,0.41256142231752,634.664002373295
DTW-D,by-sum,MMVN,NJ,BFCC,0.266077012418476,474.249147174039
DTW-D,by-sum,MMVN,Single,CQCC,0.455061198963638,1087.05601661642
DTW-D,by-sum,MMVN,Complete,CQCC,0.291378540159028,585.296776054992
DTW-D,by-sum,MMVN,UPGMA,CQCC,0.365496292325561,681.638396667637
DTW-D,by-sum,MMVN,WPGMA,CQCC,0.401786831055124,844.974382236939
DTW-D,by-sum,MMVN,UPGMC,CQCC,0.566764942374698,1394.66360736483
DTW-D,by-sum,MMVN,WPGMC,CQCC,0.507477887965693,1275.21875327435
DTW-D,by-sum,MMVN,Ward,CQCC,0.394442955418565,523.521063325049
DTW-D,by-sum,MMVN,NJ,CQCC,0.262646296792638,494.873020064329
DTW-D,by-sum,MMVN,Single,GFCC,0.451532207629769,1068.1645993288
DTW-D,by-sum,MMVN,Complete,GFCC,0.341427678013044,709.336673876907
DTW-D,by-sum,MMVN,UPGMA,GFCC,0.342848208701867,652.916785025599
DTW-D,by-sum,MMVN,WPGMA,GFCC,0.357375145180023,643.111648464733
DTW-D,by-sum,MMVN,UPGMC,GFCC,0.569480925578487,1334.67239916677
DTW-D,by-sum,MMVN,WPGMC,GFCC,0.601527740552131,1215.68425050509
DTW-D,by-sum,MMVN,Ward,GFCC,0.382489055659787,614.44754160886
DTW-D,by-sum,MMVN,NJ,GFCC,0.26751541141785,489.980069992555
DTW-D,by-sum,MMVN,Single,IMFCC,0.505235414991513,1205.7825011382
DTW-D,by-sum,MMVN,Complete,IMFCC,0.393960511033682,667.787012543221
DTW-D,by-sum,MMVN,UPGMA,IMFCC,0.331823461091754,745.530251254966
DTW-D,by-sum,MMVN,WPGMA,IMFCC,0.325364066827481,711.712873710499
DTW-D,by-sum,MMVN,UPGMC,IMFCC,0.589627445725007,1533.19953562191
DTW-D,by-sum,MMVN,WPGMC,IMFCC,0.552988474939694,1295.25351285225
DTW-D,by-sum,MMVN,Ward,IMFCC,0.412329134280354,645.017587558763
DTW-D,by-sum,MMVN,NJ,IMFCC,0.32685607075851,441.545767838572
DTW-D,by-sum,MMVN,Single,LFCC,0.421835075493612,994.321324373949
DTW-D,by-sum,MMVN,Complete,LFCC,0.412141517019566,702.135964118653
DTW-D,by-sum,MMVN,UPGMA,LFCC,0.369284374162423,725.815619558031
DTW-D,by-sum,MMVN,WPGMA,LFCC,0.348280175109443,675.89847492844
DTW-D,by-sum,MMVN,UPGMC,LFCC,0.554042705262217,1445.37890513204
DTW-D,by-sum,MMVN,WPGMC,LFCC,0.556347717323327,1299.08665750955
DTW-D,by-sum,MMVN,Ward,LFCC,0.455784865540963,710.491756206205
DTW-D,by-sum,MMVN,NJ,LFCC,0.286375413204682,574.557937131375
DTW-D,by-sum,MMVN,Single,logFBank,0.450236755114804,1071.71005643024
DTW-D,by-sum,MMVN,Complete,logFBank,0.354283927454659,667.084476881972
DTW-D,by-sum,MMVN,UPGMA,logFBank,0.397525238988654,691.241111787982
DTW-D,by-sum,MMVN,WPGMA,logFBank,0.396292325560618,708.605237446029
DTW-D,by-sum,MMVN,UPGMC,logFBank,0.536799785580273,1500.65034002346
DTW-D,by-sum,MMVN,WPGMC,logFBank,0.561458054140981,1308.19952982915
DTW-D,by-sum,MMVN,Ward,logFBank,0.40491378540159,539.750516558653
DTW-D,by-sum,MMVN,NJ,logFBank,0.269838291789511,535.150171474702
DTW-D,by-sum,MMVN,Single,LPCC,0.475145180023229,1076.19219306768
DTW-D,by-sum,MMVN,Complete,LPCC,0.346743500402037,663.035559653036
DTW-D,by-sum,MMVN,UPGMA,LPCC,0.333914053426249,714.603470936911
DTW-D,by-sum,MMVN,WPGMA,LPCC,0.386839989279014,826.378239350735
DTW-D,by-sum,MMVN,UPGMC,LPCC,0.587608326632717,1370.76481887874
DTW-D,by-sum,MMVN,WPGMC,LPCC,0.583159117305459,1216.16947944025
DTW-D,by-sum,MMVN,Ward,LPCC,0.291173054587689,505.854769887787
DTW-D,by-sum,MMVN,NJ,LPCC,0.31645671401769,645.714745264891
DTW-D,by-sum,MMVN,Single,MFCC,0.41531314214241,941.104521815442
DTW-D,by-sum,MMVN,Complete,MFCC,0.346743500402037,665.014320353564
DTW-D,by-sum,MMVN,UPGMA,MFCC,0.345867953185026,662.01092277287
DTW-D,by-sum,MMVN,WPGMA,MFCC,0.374475118377557,612.495060847978
DTW-D,by-sum,MMVN,UPGMC,MFCC,0.569346913249352,1392.82936433252
DTW-D,by-sum,MMVN,WPGMC,MFCC,0.553113553113553,1268.11235353759
DTW-D,by-sum,MMVN,Ward,MFCC,0.417385866166354,575.637810148472
DTW-D,by-sum,MMVN,NJ,MFCC,0.263861341910122,476.101828548834
DTW-D,by-sum,MMVN,Single,MSRCC,0.367229518449031,848.227072146989
DTW-D,by-sum,MMVN,Complete,MSRCC,0.372447065129992,685.406661877633
DTW-D,by-sum,MMVN,UPGMA,MSRCC,0.346520146520147,570.399173325607
DTW-D,by-sum,MMVN,WPGMA,MSRCC,0.338300723666577,555.738643651434
DTW-D,by-sum,MMVN,UPGMC,MSRCC,0.529625658893952,1423.91912092064
DTW-D,by-sum,MMVN,WPGMC,MSRCC,0.537988028231931,1270.44993012455
DTW-D,by-sum,MMVN,Ward,MSRCC,0.421173948003216,607.895203427627
DTW-D,by-sum,MMVN,NJ,MSRCC,0.277244706512999,585.079326230992
DTW-D,by-sum,MMVN,Single,NGCC,0.382149557759314,837.67935036903
DTW-D,by-sum,MMVN,Complete,NGCC,0.322487268828732,660.374666536523
DTW-D,by-sum,MMVN,UPGMA,NGCC,0.335111230233181,662.854315913594
DTW-D,by-sum,MMVN,WPGMA,NGCC,0.334521575984991,621.947967279747
DTW-D,by-sum,MMVN,UPGMC,NGCC,0.560162601626016,1264.97430316911
DTW-D,by-sum,MMVN,WPGMC,NGCC,0.565076387027607,1176.3491516707
DTW-D,by-sum,MMVN,Ward,NGCC,0.356106495130885,570.682190487078
DTW-D,by-sum,MMVN,NJ,NGCC,0.263861341910122,482.901835791924
DTW-D,by-sum,MMVN,Single,PNCC,0.359438935048691,792.683939912085
DTW-D,by-sum,MMVN,Complete,PNCC,0.288215849191459,540.895020731248
DTW-D,by-sum,MMVN,UPGMA,PNCC,0.290199231662646,608.102411836799
DTW-D,by-sum,MMVN,WPGMA,PNCC,0.345823282408648,594.039943955433
DTW-D,by-sum,MMVN,UPGMC,PNCC,0.521165013847941,1231.50401229697
DTW-D,by-sum,MMVN,WPGMC,PNCC,0.473992673992674,1156.17976758452
DTW-D,by-sum,MMVN,Ward,PNCC,0.385910837130349,585.997218095869
DTW-D,by-sum,MMVN,NJ,PNCC,0.262646296792638,481.499294557792
DTW-D,by-sum,MMVN,Single,PSRCC,0.719467524345573,1555.17074519821
DTW-D,by-sum,MMVN,Complete,PSRCC,0.692450638792102,1206.60905722822
DTW-D,by-sum,MMVN,UPGMA,PSRCC,0.713017064236576,1555.17074519821
DTW-D,by-sum,MMVN,WPGMA,PSRCC,0.701813633520951,1419.28492871133
DTW-D,by-sum,MMVN,UPGMC,PSRCC,0.713017064236576,1555.17074519821
DTW-D,by-sum,MMVN,WPGMC,PSRCC,0.717814705619584,1555.17074519821
DTW-D,by-sum,MMVN,Ward,PSRCC,0.679013669257572,1333.89932464787
DTW-D,by-sum,MMVN,NJ,PSRCC,0.615322076297686,981.657869361977
DTW-D,by-sum,MMVN,Single,RPLP,0.522683820244796,1223.41738160744
DTW-D,by-sum,MMVN,Complete,RPLP,0.429009202179934,685.236413238566
DTW-D,by-sum,MMVN,UPGMA,RPLP,0.342794603770214,812.38707121734
DTW-D,by-sum,MMVN,WPGMA,RPLP,0.458554453676405,854.604171305211
DTW-D,by-sum,MMVN,UPGMC,RPLP,0.575368533905119,1524.60670221265
DTW-D,by-sum,MMVN,WPGMC,RPLP,0.591467881711784,1314.53854080293
DTW-D,by-sum,MMVN,Ward,RPLP,0.41753774680604,692.722862161796
DTW-D,by-sum,MMVN,NJ,RPLP,0.33696953453051,534.250560122052
DTW-D,by-sum,none,Single,BFCC,0.529205753595998,1114.22264556317
DTW-D,by-sum,none,Complete,BFCC,0.411176628249799,637.681828030629
DTW-D,by-sum,none,UPGMA,BFCC,0.45407844188332,839.633338818934
DTW-D,by-sum,none,WPGMA,BFCC,0.464316983829179,794.841749570747
DTW-D,by-sum,none,UPGMC,BFCC,0.570311802019119,1533.19953562191
DTW-D,by-sum,none,WPGMC,BFCC,0.587125882247833,1347.7662160339
DTW-D,by-sum,none,Ward,BFCC,0.420762976860538,703.840561838414
DTW-D,by-sum,none,NJ,BFCC,0.277753953363709,510.597347001393
DTW-D,by-sum,none,Single,CQCC,0.439685517734298,979.559121325618
DTW-D,by-sum,none,Complete,CQCC,0.342857142857143,595.626756687991
DTW-D,by-sum,none,UPGMA,CQCC,0.399499687304565,678.956765263926
DTW-D,by-sum,none,WPGMA,CQCC,0.344438488340927,625.578856917901
DTW-D,by-sum,none,UPGMC,CQCC,0.543446797105334,1455.75509706687
DTW-D,by-sum,none,WPGMC,CQCC,0.543830965782185,1283.05382743216
DTW-D,by-sum,none,Ward,CQCC,0.427847761994103,675.171528648259
DTW-D,by-sum,none,NJ,CQCC,0.265362279996426,406.876514206837
DTW-D,by-sum,none,Single,GFCC,0.687331367819173,1415.2478549659
DTW-D,by-sum,none,Complete,GFCC,0.48397212543554,864.90583127674
DTW-D,by-sum,none,UPGMA,GFCC,0.633842580184044,1063.38250965372
DTW-D,by-sum,none,WPGMA,GFCC,0.412150451174841,921.492203810233
DTW-D,by-sum,none,UPGMC,GFCC,0.720995264897704,1475.66563295898
DTW-D,by-sum,none,WPGMC,GFCC,0.667399267399267,1301.72176271875
DTW-D,by-sum,none,Ward,GFCC,0.463906012686501,863.525860139214
DTW-D,by-sum,none,NJ,GFCC,0.371491110515501,700.183418393153
DTW-D,by-sum,none,Single,IMFCC,0.492754400071473,1122.56268407176
DTW-D,by-sum,none,Complete,IMFCC,0.405869740016082,775.732940320608
DTW-D,by-sum,none,UPGMA,IMFCC,0.336085053158224,685.55031626064
DTW-D,by-sum,none,WPGMA,IMFCC,0.303350308228357,710.434547036166
DTW-D,by-sum,none,UPGMC,IMFCC,0.583713034932547,1506.05535717061
DTW-D,by-sum,none,WPGMC,IMFCC,0.534164209773966,1321.5340974469
DTW-D,by-sum,none,Ward,IMFCC,0.364692218350755,614.683843061419
DTW-D,by-sum,none,NJ,IMFCC,0.328419547931743,562.228251623254
DTW-D,by-sum,none,Single,LFCC,0.387036540695077,851.858665312122
DTW-D,by-sum,none,Complete,LFCC,0.374984365228268,722.241344070641
DTW-D,by-sum,none,UPGMA,LFCC,0.343875636558563,583.341461162324
DTW-D,by-sum,none,WPGMA,LFCC,0.34757437684267,664.174534928209
DTW-D,by-sum,none,UPGMC,LFCC,0.56692575716966,1434.0018710667
DTW-D,by-sum,none,WPGMC,LFCC,0.531689448762619,1282.02108744543
DTW-D,by-sum,none,Ward,LFCC,0.451433931921737,663.863352328611
DTW-D,by-sum,none,NJ,LFCC,0.285928705440901,563.082499361972
DTW-D,by-sum,none,Single,logFBank,0.431993210041991,978.728303138573
DTW-D,by-sum,none,Complete,logFBank,0.427463593317252,804.847675016099
DTW-D,by-sum,none,UPGMA,logFBank,0.401063164477799,694.005514172395
DTW-D,by-sum,none,WPGMA,logFBank,0.374832484588582,711.200412364181
DTW-D,by-sum,none,UPGMC,logFBank,0.565585633878317,1533.19953562191
DTW-D,by-sum,none,WPGMC,logFBank,0.613696060037523,1358.73353428661
DTW-D,by-sum,none,Ward,logFBank,0.470955061198964,745.160533894618
DTW-D,by-sum,none,NJ,logFBank,0.274484052532833,499.092317537046
DTW-D,by-sum,none,Single,LPCC,0.474528723309211,1005.22887484567
DTW-D,by-sum,none,Complete,LPCC,0.329875815241669,744.086896996238
DTW-D,by-sum,none,UPGMA,LPCC,0.365058518717055,781.777467161305
DTW-D,by-sum,none,WPGMA,LPCC,0.344259805235415,818.61026437862
DTW-D,by-sum,none,UPGMC,LPCC,0.575466809613151,1304.09057817188
DTW-D,by-sum,none,WPGMC,LPCC,0.582069150361833,1110.51349135811
DTW-D,by-sum,none,Ward,LPCC,0.294139194139194,614.107849445924
DTW-D,by-sum,none,NJ,LPCC,0.284838738497275,607.801104716668
DTW-D,by-sum,none,Single,MFCC,0.405074600196551,967.723089998055
DTW-D,by-sum,none,Complete,MFCC,0.375091575091575,697.920167505623
DTW-D,by-sum,none,UPGMA,MFCC,0.366890020548557,594.69152022035
DTW-D,by-sum,none,WPGMA,MFCC,0.343151969981238,630.059983607638
DTW-D,by-sum,none,UPGMC,MFCC,0.565058518717055,1385.56469799692
DTW-D,by-sum,none,WPGMC,MFCC,0.544009648887698,1283.05382743216
DTW-D,by-sum,none,Ward,MFCC,0.427847761994103,675.171528648259
DTW-D,by-sum,none,NJ,MFCC,0.26729205753596,441.933791693427
DTW-D,by-sum,none,Single,MSRCC,0.535039756990977,1119.2251821023
DTW-D,by-sum,none,Complete,MSRCC,0.342356830161708,723.130974047752
DTW-D,by-sum,none,UPGMA,MSRCC,0.437049941927991,839.123222353077
DTW-D,by-sum,none,WPGMA,MSRCC,0.428723309211114,792.999708292549
DTW-D,by-sum,none,UPGMC,MSRCC,0.593701420530689,1443.24732693575
DTW-D,by-sum,none,WPGMC,MSRCC,0.635030822835701,1267.15765529632
DTW-D,by-sum,none,Ward,MSRCC,0.363280621817207,592.497456953119
DTW-D,by-sum,none,NJ,MSRCC,0.277923702313946,614.403197079383
DTW-D,by-sum,none,Single,NGCC,0.384347359957116,839.354931158299
DTW-D,by-sum,none,Complete,NGCC,0.341847583310998,604.904761284004
DTW-D,by-sum,none,UPGMA,NGCC,0.290092021799339,553.270882041876
DTW-D,by-sum,none,WPGMA,NGCC,0.288698293576342,574.040798875716
DTW-D,by-sum,none,UPGMC,NGCC,0.579835611542929,1336.1418517042
DTW-D,by-sum,none,WPGMC,NGCC,0.543160904136514,1117.81650293417
DTW-D,by-sum,none,Ward,NGCC,0.389645314035558,593.144093384861
DTW-D,by-sum,none,NJ,NGCC,0.263861341910122,472.813736239614
DTW-D,by-sum,none,Single,PNCC,0.377146430804967,932.048324536516
DTW-D,by-sum,none,Complete,PNCC,0.317877244706513,610.89903411472
DTW-D,by-sum,none,UPGMA,PNCC,0.37567229518449,704.534316381843
DTW-D,by-sum,none,WPGMA,PNCC,0.348771553649602,637.610077182431
DTW-D,by-sum,none,UPGMC,PNCC,0.52606093093898,1323.98455209969
DTW-D,by-sum,none,WPGMC,PNCC,0.493084963816671,1196.16614586827
DTW-D,by-sum,none,Ward,PNCC,0.386160993478067,594.061511772665
DTW-D,by-sum,none,NJ,PNCC,0.263861341910122,469.528110285387
DTW-D,by-sum,none,Single,PSRCC,0.72145090681676,1555.17074519821
DTW-D,by-sum,none,Complete,PSRCC,0.68902885732154,1195.23202316288
DTW-D,by-sum,none,UPGMA,PSRCC,0.713481640310909,1555.17074519821
DTW-D,by-sum,none,WPGMA,PSRCC,0.701813633520951,1419.28492871133
DTW-D,by-sum,none,UPGMC,PSRCC,0.713481640310909,1555.17074519821
DTW-D,by-sum,none,WPGMC,PSRCC,0.714768158670598,1555.17074519821
DTW-D,by-sum,none,Ward,PSRCC,0.679013669257572,1333.89932464787
DTW-D,by-sum,none,NJ,PSRCC,0.628687572590012,1028.22002229625
DTW-D,by-sum,none,Single,RPLP,0.495577593138569,1172.85710884954
DTW-D,by-sum,none,Complete,RPLP,0.334914678817118,731.64178848633
DTW-D,by-sum,none,UPGMA,RPLP,0.396202984007862,922.594977836891
DTW-D,by-sum,none,WPGMA,RPLP,0.397426963280622,861.709806581223
DTW-D,by-sum,none,UPGMC,RPLP,0.564924506387921,1432.76722486202
DTW-D,by-sum,none,WPGMC,RPLP,0.533342267488609,1214.33612106153
DTW-D,by-sum,none,Ward,RPLP,0.407406414723488,740.003580429473
DTW-D,by-sum,none,NJ,RPLP,0.313222549807916,617.617716438681
DTW-D,none,CMN,Single,BFCC,0.442070937192888,982.837237588098
DTW-D,none,CMN,Complete,BFCC,0.341427678013044,610.167888018327
DTW-D,none,CMN,UPGMA,BFCC,0.409425533815778,785.519520887573
DTW-D,none,CMN,WPGMA,BFCC,0.361913696060038,723.271580175492
DTW-D,none,CMN,UPGMC,BFCC,0.633583489681051,1424.08668273076
DTW-D,none,CMN,WPGMC,BFCC,0.684266952559635,1393.40318961573
DTW-D,none,CMN,Ward,BFCC,0.344956669346913,550.763434631868
DTW-D,none,CMN,NJ,BFCC,0.328598231037255,504.529735292473
DTW-D,none,CMN,Single,CQCC,0.407308139015456,918.438149796514
DTW-D,none,CMN,Complete,CQCC,0.347217010631645,567.737442233007
DTW-D,none,CMN,UPGMA,CQCC,0.36447779862414,673.713356291099
DTW-D,none,CMN,WPGMA,CQCC,0.35538282855356,714.610960385423
DTW-D,none,CMN,UPGMC,CQCC,0.61003305637452,1370.29073168632
DTW-D,none,CMN,WPGMC,CQCC,0.604788707227732,1242.66639273138
DTW-D,none,CMN,Ward,CQCC,0.341722505137139,487.810983460008
DTW-D,none,CMN,NJ,CQCC,0.271777003484321,555.627722811276
DTW-D,none,CMN,Single,GFCC,0.58533905119271,1254.25728417228
DTW-D,none,CMN,Complete,GFCC,0.409648887697668,868.341322134039
DTW-D,none,CMN,UPGMA,GFCC,0.447520771911016,1009.92119676982
DTW-D,none,CMN,WPGMA,GFCC,0.404788707227732,960.520451111778
DTW-D,none,CMN,UPGMC,GFCC,0.709595282766014,1462.08119956401
DTW-D,none,CMN,WPGMC,GFCC,0.63134101670687,1283.71194879692
DTW-D,none,CMN,Ward,GFCC,0.418350754936121,797.5251275183
DTW-D,none,CMN,NJ,GFCC,0.284186545162155,694.990302153394
DTW-D,none,CMN,Single,IMFCC,0.398883230590548,916.234373053345
DTW-D,none,CMN,Complete,IMFCC,0.354659161976235,654.043269476466
DTW-D,none,CMN,UPGMA,IMFCC,0.357669972304119,606.927091069189
DTW-D,none,CMN,WPGMA,IMFCC,0.382676672920575,732.175466282992
DTW-D,none,CMN,UPGMC,IMFCC,0.610738854641294,1417.94479967704
DTW-D,none,CMN,WPGMC,IMFCC,0.576735459662289,1200.58867591831
DTW-D,none,CMN,Ward,IMFCC,0.345046010899669,546.85654403626
DTW-D,none,CMN,NJ,IMFCC,0.27573483427142,583.662284509567
DTW-D,none,CMN,Single,LFCC,0.405619583668364,922.24408356502
DTW-D,none,CMN,Complete,LFCC,0.374314303582596,707.407794600483
DTW-D,none,CMN,UPGMA,LFCC,0.358295363173412,628.123367201125
DTW-D,none,CMN,WPGMA,LFCC,0.358036272670419,720.602112483504
DTW-D,none,CMN,UPGMC,LFCC,0.607129455909944,1370.29073168632
DTW-D,none,CMN,WPGMC,LFCC,0.587116948092558,1159.97024760996
DTW-D,none,CMN,Ward,LFCC,0.345046010899669,546.85654403626
DTW-D,none,CMN,NJ,LFCC,0.271777003484321,555.627722811276
DTW-D,none,CMN,Single,logFBank,0.41574198159564,874.969939232171
DTW-D,none,CMN,Complete,logFBank,0.367595818815331,733.873255085972
DTW-D,none,CMN,UPGMA,logFBank,0.390565532028947,678.747435388328
DTW-D,none,CMN,WPGMA,logFBank,0.379308496381667,726.184314184911
DTW-D,none,CMN,UPGMC,logFBank,0.626659519342446,1420.91354728006
DTW-D,none,CMN,WPGMC,logFBank,0.642910747788797,1276.67842100216
DTW-D,none,CMN,Ward,logFBank,0.343044760117931,513.689083631919
DTW-D,none,CMN,NJ,logFBank,0.271777003484321,555.627722811276
DTW-D,none,CMN,Single,LPCC,0.379120879120879,1022.7659437083
DTW-D,none,CMN,Complete,LPCC,0.33168944876262,643.567617789587
DTW-D,none,CMN,UPGMA,LPCC,0.342464040025016,794.185950543318
DTW-D,none,CMN,WPGMA,LPCC,0.341856517466274,828.812252041225
DTW-D,none,CMN,UPGMC,LPCC,0.64700259090503,1345.03066370172
DTW-D,none,CMN,WPGMC,LPCC,0.52353256499598,1163.53714287267
DTW-D,none,CMN,Ward,LPCC,0.298445456982042,569.861341445376
DTW-D,none,CMN,NJ,LPCC,0.279692665058519,585.69985635964
DTW-D,none,CMN,Single,MFCC,0.409112838381131,914.118895835925
DTW-D,none,CMN,Complete,MFCC,0.336844456356652,511.420365182513
DTW-D,none,CMN,UPGMA,MFCC,0.36447779862414,673.713356291099
DTW-D,none,CMN,WPGMA,MFCC,0.369516662199589,716.583077973947
DTW-D,none,CMN,UPGMC,MFCC,0.606548735817029,1337.37896600849
DTW-D,none,CMN,WPGMC,MFCC,0.5880907710176,1142.68086207363
DTW-D,none,CMN,Ward,MFCC,0.343652282676673,520.97844386435
DTW-D,none,CMN,NJ,MFCC,0.265951934244617,467.27042640334
DTW-D,none,CMN,Single,MSRCC,0.507200929152149,1078.0266064759
DTW-D,none,CMN,Complete,MSRCC,0.405065666041276,777.426959118545
DTW-D,none,CMN,UPGMA,MSRCC,0.439185205038864,826.780681813801
DTW-D,none,CMN,WPGMA,MSRCC,0.418672384526043,865.328945792224
DTW-D,none,CMN,UPGMC,MSRCC,0.614821763602251,1350.66105941584
DTW-D,none,CMN,WPGMC,MSRCC,0.636933797909408,1275.08056084709
DTW-D,none,CMN,Ward,MSRCC,0.333315465022782,538.259564059977
DTW-D,none,CMN,NJ,MSRCC,0.300410971142678,663.525371576252
DTW-D,none,CMN,Single,NGCC,0.404618958277495,864.054390821553
DTW-D,none,CMN,Complete,NGCC,0.343571875279192,528.941066872463
DTW-D,none,CMN,UPGMA,NGCC,0.358232824086483,596.68702917002
DTW-D,none,CMN,WPGMA,NGCC,0.367837041007773,717.243591507675
DTW-D,none,CMN,UPGMC,NGCC,0.585901902975074,1216.68995478865
DTW-D,none,CMN,WPGMC,NGCC,0.574680603948897,1152.90268507286
DTW-D,none,CMN,Ward,NGCC,0.325596354864648,399.899235253084
DTW-D,none,CMN,NJ,NGCC,0.265951934244617,467.27042640334
DTW-D,none,CMN,Single,PNCC,0.383650495845618,803.839509651224
DTW-D,none,CMN,Complete,PNCC,0.319512195121951,597.77080056341
DTW-D,none,CMN,UPGMA,PNCC,0.356008219422854,580.299809833075
DTW-D,none,CMN,WPGMA,PNCC,0.325596354864648,603.793757996574
DTW-D,none,CMN,UPGMC,PNCC,0.599401411596534,1213.39188219881
DTW-D,none,CMN,WPGMC,PNCC,0.533762172786563,1103.07030490227
DTW-D,none,CMN,Ward,PNCC,0.328330206378987,523.272865914556
DTW-D,none,CMN,NJ,PNCC,0.25970695970696,429.235940387172
DTW-D,none,CMN,Single,PSRCC,0.741615295273832,1555.17074519821
DTW-D,none,CMN,Complete,PSRCC,0.691324935227374,1180.06466993225
DTW-D,none,CMN,UPGMA,PSRCC,0.735968909139641,1484.63394242326
DTW-D,none,CMN,WPGMA,PSRCC,0.699338872509604,1195.31965104087
DTW-D,none,CMN,UPGMC,PSRCC,0.745314035557938,1555.17074519821
DTW-D,none,CMN,WPGMC,PSRCC,0.744929866881086,1555.17074519821
DTW-D,none,CMN,Ward,PSRCC,0.641043509336192,1138.02704937728
DTW-D,none,CMN,NJ,PSRCC,0.582337175020102,941.905801549339
DTW-D,none,CMN,Single,RPLP,0.491744840525328,1069.73096407451
DTW-D,none,CMN,Complete,RPLP,0.383185919771286,702.108289137265
DTW-D,none,CMN,UPGMA,RPLP,0.384713660323416,632.776651136616
DTW-D,none,CMN,WPGMA,RPLP,0.353667470740641,657.734272177255
DTW-D,none,CMN,UPGMC,RPLP,0.660448494594836,1404.6928272249
DTW-D,none,CMN,WPGMC,RPLP,0.640829089609577,1333.00889190875
DTW-D,none,CMN,Ward,RPLP,0.342875011167694,500.669444118343
DTW-D,none,CMN,NJ,RPLP,0.335432859823104,550.379344021584
DTW-D,none,CMVN,Single,BFCC,0.491083713034933,1039.43118664054
DTW-D,none,CMVN,Complete,BFCC,0.401295452514965,787.104096427577
DTW-D,none,CMVN,UPGMA,BFCC,0.44822657017779,920.500039559675
DTW-D,none,CMVN,WPGMA,BFCC,0.40931832395247,917.344753415357
DTW-D,none,CMVN,UPGMC,BFCC,0.63378897525239,1533.19953562191
DTW-D,none,CMVN,WPGMC,BFCC,0.67948717948718,1457.45462094272
DTW-D,none,CMVN,Ward,BFCC,0.418341820780845,671.969308865103
DTW-D,none,CMVN,NJ,BFCC,0.344956669346913,617.79614698509
DTW-D,none,CMVN,Single,CQCC,0.504824443848834,1021.50970167843
DTW-D,none,CMVN,Complete,CQCC,0.427829893683552,848.219332850988
DTW-D,none,CMVN,UPGMA,CQCC,0.473921200750469,1009.69935801642
DTW-D,none,CMVN,WPGMA,CQCC,0.394451889573841,852.350093565639
DTW-D,none,CMVN,UPGMC,CQCC,0.696587152684714,1505.64096773509
DTW-D,none,CMVN,WPGMC,CQCC,0.715277405521308,1505.64096773509
DTW-D,none,CMVN,Ward,CQCC,0.408782274635933,668.077331430572
DTW-D,none,CMVN,NJ,CQCC,0.363798802823193,629.96131199186
DTW-D,none,CMVN,Single,GFCC,0.493585276512106,1021.87165542884
DTW-D,none,CMVN,Complete,GFCC,0.447967479674797,795.422637254352
DTW-D,none,CMVN,UPGMA,GFCC,0.451067631555436,1002.03685968689
DTW-D,none,CMVN,WPGMA,GFCC,0.431072992048602,938.578736540573
DTW-D,none,CMVN,UPGMC,GFCC,0.623461091753775,1494.93812130084
DTW-D,none,CMVN,WPGMC,GFCC,0.684794067720897,1356.90511552
DTW-D,none,CMVN,Ward,GFCC,0.425721433038506,655.079559206914
DTW-D,none,CMVN,NJ,GFCC,0.337871884213348,666.96683347709
DTW-D,none,CMVN,Single,IMFCC,0.488162244259805,1053.34864262074
DTW-D,none,CMVN,Complete,IMFCC,0.38281068524971,764.109728531675
DTW-D,none,CMVN,UPGMA,IMFCC,0.452702581970875,1031.66166883733
DTW-D,none,CMVN,WPGMA,IMFCC,0.377298311444653,831.016245927686
DTW-D,none,CMVN,UPGMC,IMFCC,0.685383721969088,1542.56318370185
DTW-D,none,CMVN,WPGMC,IMFCC,0.695863486107389,1542.56318370185
DTW-D,none,CMVN,Ward,IMFCC,0.425194317877245,761.155707913692
DTW-D,none,CMVN,NJ,IMFCC,0.345063879210221,744.690164259966
DTW-D,none,CMVN,Single,LFCC,0.482712409541678,986.218765929008
DTW-D,none,CMVN,Complete,LFCC,0.429652461359778,704.111283964346
DTW-D,none,CMVN,UPGMA,LFCC,0.454775305994818,986.137614238982
DTW-D,none,CMVN,WPGMA,LFCC,0.39465737514518,901.104937584397
DTW-D,none,CMVN,UPGMC,LFCC,0.633771106941839,1533.19953562191
DTW-D,none,CMVN,WPGMC,LFCC,0.638935048691146,1476.31672694348
DTW-D,none,CMVN,Ward,LFCC,0.418341820780845,671.969308865103
DTW-D,none,CMVN,NJ,LFCC,0.34808362369338,638.065354639481
DTW-D,none,CMVN,Single,logFBank,0.41559903511123,892.484692152391
DTW-D,none,CMVN,Complete,logFBank,0.40693290449388,709.828387908501
DTW-D,none,CMVN,UPGMA,logFBank,0.417180380595015,767.815724400722
DTW-D,none,CMVN,WPGMA,logFBank,0.392808005003127,813.698010362331
DTW-D,none,CMVN,UPGMC,logFBank,0.599401411596534,1412.54907999167
DTW-D,none,CMVN,WPGMC,logFBank,0.652890199231663,1405.44510169773
DTW-D,none,CMVN,Ward,logFBank,0.342392566782811,526.435201348688
DTW-D,none,CMVN,NJ,logFBank,0.263450370767444,415.769489971709
DTW-D,none,CMVN,Single,LPCC,0.302975073706781,678.805147691514
DTW-D,none,CMVN,Complete,LPCC,0.35169302242473,584.055876119744
DTW-D,none,CMVN,UPGMA,LPCC,0.363012597158939,640.418164507686
DTW-D,none,CMVN,WPGMA,LPCC,0.382292504243724,598.305375997831
DTW-D,none,CMVN,UPGMC,LPCC,0.544858393638881,1399.94151849532
DTW-D,none,CMVN,WPGMC,LPCC,0.503814884302689,1253.60235114801
DTW-D,none,CMVN,Ward,LPCC,0.328258733136782,447.22412404251
DTW-D,none,CMVN,NJ,LPCC,0.339051192709729,640.463731990082
DTW-D,none,CMVN,Single,MFCC,0.461627803091218,903.523787620316
DTW-D,none,CMVN,Complete,MFCC,0.377235772357724,666.40153730719
DTW-D,none,CMVN,UPGMA,MFCC,0.402430090234968,811.759137581698
DTW-D,none,CMVN,WPGMA,MFCC,0.390502992942017,836.804301588443
DTW-D,none,CMVN,UPGMC,MFCC,0.616197623514697,1533.19953562191
DTW-D,none,CMVN,WPGMC,MFCC,0.676154739569374,1471.03521539147
DTW-D,none,CMVN,Ward,MFCC,0.379755204145448,612.206478929185
DTW-D,none,CMVN,NJ,MFCC,0.346618422228178,600.176321224341
DTW-D,none,CMVN,Single,MSRCC,0.506906102028053,1090.30623082969
DTW-D,none,CMVN,Complete,MSRCC,0.423979272759761,788.940355413617
DTW-D,none,CMVN,UPGMA,MSRCC,0.430885374787814,943.529930531377
DTW-D,none,CMVN,WPGMA,MSRCC,0.377074957562762,841.016271231583
DTW-D,none,CMVN,UPGMC,MSRCC,0.634941481282945,1555.17074519821
DTW-D,none,CMVN,WPGMC,MSRCC,0.662369337979094,1518.59214070126
DTW-D,none,CMVN,Ward,MSRCC,0.384820870186724,659.667380598397
DTW-D,none,CMVN,NJ,MSRCC,0.293924774412579,604.653136381669
DTW-D,none,CMVN,Single,NGCC,0.473733583489681,974.985928794042
DTW-D,none,CMVN,Complete,NGCC,0.399329938354329,876.83142769169
DTW-D,none,CMVN,UPGMA,NGCC,0.402206736353078,811.759137581698
DTW-D,none,CMVN,WPGMA,NGCC,0.381229339765925,800.454955685699
DTW-D,none,CMVN,UPGMC,NGCC,0.614857500223354,1533.19953562191
DTW-D,none,CMVN,WPGMC,NGCC,0.686893594210667,1472.17271891522
DTW-D,none,CMVN,Ward,NGCC,0.394094523362816,633.707894544036
DTW-D,none,CMVN,NJ,NGCC,0.346886446886447,605.805236180544
DTW-D,none,CMVN,Single,PNCC,0.462851782363978,966.057409309165
DTW-D,none,CMVN,Complete,PNCC,0.412114714553739,773.394528444884
DTW-D,none,CMVN,UPGMA,PNCC,0.408362369337979,866.677366551492
DTW-D,none,CMVN,WPGMA,PNCC,0.393951576878406,851.776551181943
DTW-D,none,CMVN,UPGMC,PNCC,0.630769230769231,1533.19953562191
DTW-D,none,CMVN,WPGMC,PNCC,0.677378718842134,1471.03521539147
DTW-D,none,CMVN,Ward,PNCC,0.420468149736442,697.847409037013
DTW-D,none,CMVN,NJ,PNCC,0.333252925935853,622.879026386777
DTW-D,none,CMVN,Single,PSRCC,0.709782900026802,1555.17074519821
DTW-D,none,CMVN,Complete,PSRCC,0.712918788528545,1203.01021638297
DTW-D,none,CMVN,UPGMA,PSRCC,0.707120521754668,1524.60670221265
DTW-D,none,CMVN,WPGMA,PSRCC,0.694478692039668,1320.00212662457
DTW-D,none,CMVN,UPGMC,PSRCC,0.709121772536407,1555.17074519821
DTW-D,none,CMVN,WPGMC,PSRCC,0.705449834718127,1555.17074519821
DTW-D,none,CMVN,Ward,PSRCC,0.643348521397302,1202.96841401398
DTW-D,none,CMVN,NJ,PSRCC,0.523255606182435,896.635479461493
DTW-D,none,CMVN,Single,RPLP,0.515920664701152,1058.87338859562
DTW-D,none,CMVN,Complete,RPLP,0.419404985258644,805.557824629296
DTW-D,none,CMVN,UPGMA,RPLP,0.437201822567676,979.573322785463
DTW-D,none,CMVN,WPGMA,RPLP,0.475895649066381,931.02755852563
DTW-D,none,CMVN,UPGMC,RPLP,0.664745823282409,1542.56318370185
DTW-D,none,CMVN,WPGMC,RPLP,0.673411953899759,1542.56318370185
DTW-D,none,CMVN,Ward,RPLP,0.431466094880729,851.737255578397
DTW-D,none,CMVN,NJ,RPLP,0.352470293933709,613.861957657452
DTW-D,none,MMN,Single,BFCC,0.452336281604574,950.336595161058
DTW-D,none,MMN,Complete,BFCC,0.361163227016886,651.620583758383
DTW-D,none,MMN,UPGMA,BFCC,0.378852854462611,735.755447274138
DTW-D,none,MMN,WPGMA,BFCC,0.362905387295631,692.707537189938
DTW-D,none,MMN,UPGMC,BFCC,0.63003663003663,1450.50455731321
DTW-D,none,MMN,WPGMC,BFCC,0.612606093093898,1299.55040220434
DTW-D,none,MMN,Ward,BFCC,0.356776556776557,548.91816715338
DTW-D,none,MMN,NJ,BFCC,0.27905834003395,571.465075247688
DTW-D,none,MMN,Single,CQCC,0.384436701509872,735.822633097225
DTW-D,none,MMN,Complete,CQCC,0.36831055123738,646.484675804175
DTW-D,none,MMN,UPGMA,CQCC,0.372974180291253,602.692782188087
DTW-D,none,MMN,WPGMA,CQCC,0.340203698740284,616.882229670676
DTW-D,none,MMN,UPGMC,CQCC,0.591521486643438,1325.64416932384
DTW-D,none,MMN,WPGMC,CQCC,0.574037344769052,1150.77810662737
DTW-D,none,MMN,Ward,CQCC,0.340176896274457,454.92695957045
DTW-D,none,MMN,NJ,CQCC,0.27905834003395,588.332073105327
DTW-D,none,MMN,Single,GFCC,0.535468596444206,1166.95442848561
DTW-D,none,MMN,Complete,GFCC,0.378155990351112,820.341248447977
DTW-D,none,MMN,UPGMA,GFCC,0.488814437594925,1029.7757424998
DTW-D,none,MMN,WPGMA,GFCC,0.445108549986599,1006.10795227167
DTW-D,none,MMN,UPGMC,GFCC,0.718877870097382,1465.35667479771
DTW-D,none,MMN,WPGMC,GFCC,0.672321986956133,1281.98489804367
DTW-D,none,MMN,Ward,GFCC,0.475779505047798,836.205942368399
DTW-D,none,MMN,NJ,GFCC,0.374903957830787,718.516104108603
DTW-D,none,MMN,Single,IMFCC,0.443786295005807,851.073580314825
DTW-D,none,MMN,Complete,IMFCC,0.363271687661932,653.155985208122
DTW-D,none,MMN,UPGMA,IMFCC,0.343348521397302,697.871324944624
DTW-D,none,MMN,WPGMA,IMFCC,0.304922719556866,720.348578222768
DTW-D,none,MMN,UPGMC,IMFCC,0.654918252479228,1401.80735730438
DTW-D,none,MMN,WPGMC,IMFCC,0.604154382203163,1251.29061680794
DTW-D,none,MMN,Ward,IMFCC,0.306879299562226,580.08503229074
DTW-D,none,MMN,NJ,IMFCC,0.330143839899937,583.162270150061
DTW-D,none,MMN,Single,LFCC,0.400232288037166,787.870961810501
DTW-D,none,MMN,Complete,LFCC,0.35566872152238,556.566931121517
DTW-D,none,MMN,UPGMA,LFCC,0.370347538640222,627.595541919902
DTW-D,none,MMN,WPGMA,LFCC,0.295497185741088,636.770537135926
DTW-D,none,MMN,UPGMC,LFCC,0.602144197266149,1337.16215461942
DTW-D,none,MMN,WPGMC,LFCC,0.574287501116769,1178.44180958866
DTW-D,none,MMN,Ward,LFCC,0.332520325203252,456.378449006782
DTW-D,none,MMN,NJ,LFCC,0.283159117305459,528.196388311314
DTW-D,none,MMN,Single,logFBank,0.406200303761279,815.115740812165
DTW-D,none,MMN,Complete,logFBank,0.316126150272492,555.145722195617
DTW-D,none,MMN,UPGMA,logFBank,0.357562762440811,602.245267029215
DTW-D,none,MMN,WPGMA,logFBank,0.368837666398642,711.901253933973
DTW-D,none,MMN,UPGMC,logFBank,0.615009380863039,1408.30598578371
DTW-D,none,MMN,WPGMC,logFBank,0.598311444652908,1205.85808237386
DTW-D,none,MMN,Ward,logFBank,0.34180291253462,467.845234759084
DTW-D,none,MMN,NJ,logFBank,0.271777003484321,543.656538538871
DTW-D,none,MMN,Single,LPCC,0.36425444474225,906.794756652729
DTW-D,none,MMN,Complete,LPCC,0.332681139998213,679.945608542066
DTW-D,none,MMN,UPGMA,LPCC,0.344250871080139,794.939349780683
DTW-D,none,MMN,WPGMA,LPCC,0.331349950862146,708.925522372944
DTW-D,none,MMN,UPGMC,LPCC,0.645769677476995,1410.04707330195
DTW-D,none,MMN,WPGMC,LPCC,0.564504601089967,1191.8753929749
DTW-D,none,MMN,Ward,LPCC,0.322085231841329,570.834374397776
DTW-D,none,MMN,NJ,LPCC,0.286795318502636,670.218594849051
DTW-D,none,MMN,Single,MFCC,0.387590458322166,741.25583523868
DTW-D,none,MMN,Complete,MFCC,0.329777539533637,527.449777061708
DTW-D,none,MMN,UPGMA,MFCC,0.359126239614044,629.803834916036
DTW-D,none,MMN,WPGMA,MFCC,0.314098097024926,578.856878678388
DTW-D,none,MMN,UPGMC,MFCC,0.580166175288127,1238.31051499212
DTW-D,none,MMN,WPGMC,MFCC,0.590306441525954,1215.86671899439
DTW-D,none,MMN,Ward,MFCC,0.342892879478245,488.094419974791
DTW-D,none,MMN,NJ,MFCC,0.277494862860717,568.953444501119
DTW-D,none,MMN,Single,MSRCC,0.40787099079782,881.086018602539
DTW-D,none,MMN,Complete,MSRCC,0.395863486107389,728.001423824401
DTW-D,none,MMN,UPGMA,MSRCC,0.409077101760029,800.416301680693
DTW-D,none,MMN,WPGMA,MSRCC,0.400062539086929,870.324340531954
DTW-D,none,MMN,UPGMC,MSRCC,0.612436344143661,1339.12770637425
DTW-D,none,MMN,WPGMC,MSRCC,0.629509514875369,1296.0202635101
DTW-D,none,MMN,Ward,MSRCC,0.347279549718574,561.993987366777
DTW-D,none,MMN,NJ,MSRCC,0.279245957294738,636.374406655685
DTW-D,none,MMN,Single,NGCC,0.339873134995086,667.743932494584
DTW-D,none,MMN,Complete,NGCC,0.34339319217368,575.609463489695
DTW-D,none,MMN,UPGMA,NGCC,0.323657643169838,611.744450665595
DTW-D,none,MMN,WPGMA,NGCC,0.313588850174216,583.538702718362
DTW-D,none,MMN,UPGMC,NGCC,0.580094702045922,1256.19649104176
DTW-D,none,MMN,WPGMC,NGCC,0.546135977843295,1082.6323736714
DTW-D,none,MMN,Ward,NGCC,0.343384258018404,501.012695163425
DTW-D,none,MMN,NJ,NGCC,0.274064147234879,568.25722640126
DTW-D,none,MMN,Single,PNCC,0.338354328598231,659.660294655394
DTW-D,none,MMN,Complete,PNCC,0.286268203341374,562.667735677378
DTW-D,none,MMN,UPGMA,PNCC,0.346520146520147,583.855534629107
DTW-D,none,MMN,WPGMA,PNCC,0.318493701420531,607.704767365852
DTW-D,none,MMN,UPGMC,PNCC,0.600804073974806,1271.36860249216
DTW-D,none,MMN,WPGMC,PNCC,0.556499597963013,1090.90644555057
DTW-D,none,MMN,Ward,PNCC,0.311784150808541,455.326866408556
DTW-D,none,MMN,NJ,PNCC,0.270284999553292,478.089416885496
DTW-D,none,MMN,Single,PSRCC,0.741490217099973,1555.17074519821
DTW-D,none,MMN,Complete,PSRCC,0.691324935227374,1180.06466993225
DTW-D,none,MMN,UPGMA,PSRCC,0.735968909139641,1484.63394242326
DTW-D,none,MMN,WPGMA,PSRCC,0.698427588671491,1210.27065743134
DTW-D,none,MMN,UPGMC,PSRCC,0.745314035557938,1555.17074519821
DTW-D,none,MMN,WPGMC,PSRCC,0.74396497811132,1555.17074519821
DTW-D,none,MMN,Ward,PSRCC,0.642437237559189,1114.38892464717
DTW-D,none,MMN,NJ,PSRCC,0.563307424283034,945.642436535702
DTW-D,none,MMN,Single,RPLP,0.402278209595283,812.02526609446
DTW-D,none,MMN,Complete,RPLP,0.344974537657464,669.248330297221
DTW-D,none,MMN,UPGMA,RPLP,0.374778879656928,646.515217989471
DTW-D,none,MMN,WPGMA,RPLP,0.363262753506656,708.076916725491
DTW-D,none,MMN,UPGMC,RPLP,0.592146877512731,1310.39793353377
DTW-D,none,MMN,WPGMC,RPLP,0.516572858036273,996.235338120382
DTW-D,none,MMN,Ward,RPLP,0.319378182792817,531.351098828855
DTW-D,none,MMN,NJ,RPLP,0.352139730188511,785.342110020541
DTW-D,none,MMVN,Single,BFCC,0.408460645046011,851.920981725439
DTW-D,none,MMVN,Complete,BFCC,0.34526936478156,621.154188991061
DTW-D,none,MMVN,UPGMA,BFCC,0.353971232020013,624.849122772148
DTW-D,none,MMVN,WPGMA,BFCC,0.337818279281694,610.612783855743
DTW-D,none,MMVN,UPGMC,BFCC,0.618636647904941,1408.30598578371
DTW-D,none,MMVN,WPGMC,BFCC,0.654962923255606,1259.82737667178
DTW-D,none,MMVN,Ward,BFCC,0.379219154828911,603.548035045326
DTW-D,none,MMVN,NJ,BFCC,0.312659698025552,521.996691911885
DTW-D,none,MMVN,Single,CQCC,0.414553738943983,912.940191078392
DTW-D,none,MMVN,Complete,CQCC,0.360019655141606,668.27514079559
DTW-D,none,MMVN,UPGMA,CQCC,0.35393549539891,607.327840494995
DTW-D,none,MMVN,WPGMA,CQCC,0.385035289913339,711.833684419149
DTW-D,none,MMVN,UPGMC,CQCC,0.579540784418833,1287.37416268253
DTW-D,none,MMVN,WPGMC,CQCC,0.593174305369427,1220.13617966938
DTW-D,none,MMVN,Ward,CQCC,0.327347449298669,433.066695657425
DTW-D,none,MMVN,NJ,CQCC,0.280639685517734,511.462564988891
DTW-D,none,MMVN,Single,GFCC,0.375538282855356,721.52255102953
DTW-D,none,MMVN,Complete,GFCC,0.360877334048066,639.454238715679
DTW-D,none,MMVN,UPGMA,GFCC,0.334709193245779,599.164601818458
DTW-D,none,MMVN,WPGMA,GFCC,0.327070490485125,559.981399559875
DTW-D,none,MMVN,UPGMC,GFCC,0.590190297507371,1246.31984815924
DTW-D,none,MMVN,WPGMC,GFCC,0.596408469579201,1182.15410337515
DTW-D,none,MMVN,Ward,GFCC,0.411140891628696,520.661437122217
DTW-D,none,MMVN,NJ,GFCC,0.276217278656303,579.245497877686
DTW-D,none,MMVN,Single,IMFCC,0.394916465648173,985.727211734906
DTW-D,none,MMVN,Complete,IMFCC,0.357661038148843,589.443602075225
DTW-D,none,MMVN,UPGMA,IMFCC,0.371687661931564,736.903151211645
DTW-D,none,MMVN,WPGMA,IMFCC,0.365094255338158,721.816562942454
DTW-D,none,MMVN,UPGMC,IMFCC,0.575993924774413,1403.3945448784
DTW-D,none,MMVN,WPGMC,IMFCC,0.61466094880729,1286.70749531836
DTW-D,none,MMVN,Ward,IMFCC,0.330063432502457,535.413226728198
DTW-D,none,MMVN,NJ,IMFCC,0.337934423300277,491.185561643738
DTW-D,none,MMVN,Single,LFCC,0.365746448673278,721.274641410179
DTW-D,none,MMVN,Complete,LFCC,0.365389082462253,648.926314142945
DTW-D,none,MMVN,UPGMA,LFCC,0.363155543643349,669.564658910701
DTW-D,none,MMVN,WPGMA,LFCC,0.33495041543822,651.345231463952
DTW-D,none,MMVN,UPGMC,LFCC,0.543562941123917,1329.68159467298
DTW-D,none,MMVN,WPGMC,LFCC,0.547520771911016,1097.67734870819
DTW-D,none,MMVN,Ward,LFCC,0.346386134191012,524.435394176059
DTW-D,none,MMVN,NJ,LFCC,0.286107388546413,570.018598375949
DTW-D,none,MMVN,Single,logFBank,0.376315554364335,828.824968703922
DTW-D,none,MMVN,Complete,logFBank,0.332600732600733,615.190427236797
DTW-D,none,MMVN,UPGMA,logFBank,0.362190654873582,587.452975398472
DTW-D,none,MMVN,WPGMA,logFBank,0.382372911641204,709.110378855831
DTW-D,none,MMVN,UPGMC,logFBank,0.598999374609131,1327.02221354384
DTW-D,none,MMVN,WPGMC,logFBank,0.632288037166086,1216.58411454786
DTW-D,none,MMVN,Ward,logFBank,0.342562315733047,491.518446257297
DTW-D,none,MMVN,NJ,logFBank,0.271777003484321,538.746348378031
DTW-D,none,MMVN,Single,LPCC,0.32679353167158,748.997736764615
DTW-D,none,MMVN,Complete,LPCC,0.332681139998213,695.433834475451
DTW-D,none,MMVN,UPGMA,LPCC,0.322791030108103,706.853622485026
DTW-D,none,MMVN,WPGMA,LPCC,0.330706691682301,685.569341257337
DTW-D,none,MMVN,UPGMC,LPCC,0.642303225230054,1365.40051093947
DTW-D,none,MMVN,WPGMC,LPCC,0.52901813633521,1133.16277400836
DTW-D,none,MMVN,Ward,LPCC,0.322728491021174,566.152550357802
DTW-D,none,MMVN,NJ,LPCC,0.279692665058519,585.69985635964
DTW-D,none,MMVN,Single,MFCC,0.350111676940945,690.574150735421
DTW-D,none,MMVN,Complete,MFCC,0.332949164656482,515.090077092831
DTW-D,none,MMVN,UPGMA,MFCC,0.369400518181006,601.341683153124
DTW-D,none,MMVN,WPGMA,MFCC,0.304476011793085,564.5258812446
DTW-D,none,MMVN,UPGMC,MFCC,0.595389975877781,1279.25207733795
DTW-D,none,MMVN,WPGMC,MFCC,0.554417939783793,1059.86564616659
DTW-D,none,MMVN,Ward,MFCC,0.341767175913517,461.482943004199
DTW-D,none,MMVN,NJ,MFCC,0.274662735638345,510.232037557879
DTW-D,none,MMVN,Single,MSRCC,0.385446261056017,806.38646723708
DTW-D,none,MMVN,Complete,MSRCC,0.351317787903154,586.62531814059
DTW-D,none,MMVN,UPGMA,MSRCC,0.375046904315197,621.300087316982
DTW-D,none,MMVN,WPGMA,MSRCC,0.343437862950058,619.35567178886
DTW-D,none,MMVN,UPGMC,MSRCC,0.562396140444921,1217.31434826932
DTW-D,none,MMVN,WPGMC,MSRCC,0.600008934155276,1184.66180624192
DTW-D,none,MMVN,Ward,MSRCC,0.325596354864648,399.899235253084
DTW-D,none,MMVN,NJ,MSRCC,0.278236397748593,617.395103297243
DTW-D,none,MMVN,Single,NGCC,0.320039310283213,669.966487600479
DTW-D,none,MMVN,Complete,NGCC,0.344009648887698,570.330042973866
DTW-D,none,MMVN,UPGMA,NGCC,0.3512641829715,630.648439772255
DTW-D,none,MMVN,WPGMA,NGCC,0.333261860091128,597.993426003852
DTW-D,none,MMVN,UPGMC,NGCC,0.587938890377915,1172.09131974914
DTW-D,none,MMVN,WPGMC,NGCC,0.547663718395426,1104.49570107009
DTW-D,none,MMVN,Ward,NGCC,0.341624229429107,447.637599338019
DTW-D,none,MMVN,NJ,NGCC,0.270785312248727,536.416599292231
DTW-D,none,MMVN,Single,PNCC,0.372393460198338,774.041190013959
DTW-D,none,MMVN,Complete,PNCC,0.287849548825159,560.315209057914
DTW-D,none,MMVN,UPGMA,PNCC,0.324962029840079,603.468764836108
DTW-D,none,MMVN,WPGMA,PNCC,0.313186813186813,631.686884881487
DTW-D,none,MMVN,UPGMC,PNCC,0.602126328955597,1249.39739291586
DTW-D,none,MMVN,WPGMC,PNCC,0.558733136781917,1081.54279747062
DTW-D,none,MMVN,Ward,PNCC,0.329018136335209,514.795096942251
DTW-D,none,MMVN,NJ,PNCC,0.270168855534709,502.998602878676
DTW-D,none,MMVN,Single,PSRCC,0.741615295273832,1555.17074519821
DTW-D,none,MMVN,Complete,PSRCC,0.691324935227374,1180.06466993225
DTW-D,none,MMVN,UPGMA,PSRCC,0.735968909139641,1484.63394242326
DTW-D,none,MMVN,WPGMA,PSRCC,0.698427588671491,1210.27065743134
DTW-D,none,MMVN,UPGMC,PSRCC,0.745314035557938,1555.17074519821
DTW-D,none,MMVN,WPGMC,PSRCC,0.74396497811132,1555.17074519821
DTW-D,none,MMVN,Ward,PSRCC,0.641311533994461,1114.05600637668
DTW-D,none,MMVN,NJ,PSRCC,0.588930581613508,887.062077359275
DTW-D,none,MMVN,Single,RPLP,0.497158938622353,1065.2485005657
DTW-D,none,MMVN,Complete,RPLP,0.376967747699455,709.486498780519
DTW-D,none,MMVN,UPGMA,RPLP,0.384829804341999,636.683541732224
DTW-D,none,MMVN,WPGMA,RPLP,0.36078799249531,696.429622286148
DTW-D,none,MMVN,UPGMC,RPLP,0.663959617618154,1404.6928272249
DTW-D,none,MMVN,WPGMC,RPLP,0.640829089609577,1333.00889190875
DTW-D,none,MMVN,Ward,RPLP,0.342919681944072,500.669444118343
DTW-D,none,MMVN,NJ,RPLP,0.33992673992674,567.445164686364
DTW-D,none,none,Single,BFCC,0.446118109532744,940.79251593837
DTW-D,none,none,Complete,BFCC,0.361163227016886,651.620583758383
DTW-D,none,none,UPGMA,BFCC,0.378852854462611,735.755447274138
DTW-D,none,none,WPGMA,BFCC,0.362905387295631,692.707537189938
DTW-D,none,none,UPGMC,BFCC,0.630930045564192,1450.50455731321
DTW-D,none,none,WPGMC,BFCC,0.611855624050746,1299.55040220434
DTW-D,none,none,Ward,BFCC,0.356776556776557,548.91816715338
DTW-D,none,none,NJ,BFCC,0.27905834003395,540.901032262135
DTW-D,none,none,Single,CQCC,0.384517108907353,709.125969804801
DTW-D,none,none,Complete,CQCC,0.333994460823729,574.34829288657
DTW-D,none,none,UPGMA,CQCC,0.373483427141964,598.010958148114
DTW-D,none,none,WPGMA,CQCC,0.314098097024926,578.856878678388
DTW-D,none,none,UPGMC,CQCC,0.594782453319039,1325.64416932384
DTW-D,none,none,WPGMC,CQCC,0.581917269722148,1130.71901376128
DTW-D,none,none,Ward,CQCC,0.342892879478245,488.094419974791
DTW-D,none,none,NJ,CQCC,0.27905834003395,588.332073105327
DTW-D,none,none,Single,GFCC,0.535468596444206,1166.95442848561
DTW-D,none,none,Complete,GFCC,0.378155990351112,820.341248447977
DTW-D,none,none,UPGMA,GFCC,0.488814437594925,1029.7757424998
DTW-D,none,none,WPGMA,GFCC,0.445108549986599,1006.10795227167
DTW-D,none,none,UPGMC,GFCC,0.718877870097382,1465.35667479771
DTW-D,none,none,WPGMC,GFCC,0.672321986956133,1281.98489804367
DTW-D,none,none,Ward,GFCC,0.47010631644778,841.810268317652
DTW-D,none,none,NJ,GFCC,0.374903957830787,718.516104108603
DTW-D,none,none,Single,IMFCC,0.444134727061556,863.68114181118
DTW-D,none,none,Complete,IMFCC,0.3685964442062,724.809107280727
DTW-D,none,none,UPGMA,IMFCC,0.344375949253998,753.452391414851
DTW-D,none,none,WPGMA,IMFCC,0.305950147413562,754.927349295423
DTW-D,none,none,UPGMC,IMFCC,0.655597248280175,1423.77856688069
DTW-D,none,none,WPGMC,IMFCC,0.611998570535156,1272.10010039771
DTW-D,none,none,Ward,IMFCC,0.305512373805057,609.457558364636
DTW-D,none,none,NJ,IMFCC,0.347404627892433,583.162270150061
DTW-D,none,none,Single,LFCC,0.408683998927901,768.925223158095
DTW-D,none,none,Complete,LFCC,0.35566872152238,556.566931121517
DTW-D,none,none,UPGMA,LFCC,0.377423389618512,691.402049606712
DTW-D,none,none,WPGMA,LFCC,0.295497185741088,636.770537135926
DTW-D,none,none,UPGMC,LFCC,0.603109086035915,1337.16215461942
DTW-D,none,none,WPGMC,LFCC,0.574287501116769,1178.44180958866
DTW-D,none,none,Ward,LFCC,0.332520325203252,456.378449006782
DTW-D,none,none,NJ,LFCC,0.285660680782632,567.72614047054
DTW-D,none,none,Single,logFBank,0.397266148485661,738.36298427065
DTW-D,none,none,Complete,logFBank,0.329777539533637,527.449777061708
DTW-D,none,none,UPGMA,logFBank,0.357562762440811,603.735592655798
DTW-D,none,none,WPGMA,logFBank,0.378182792816939,652.159740164132
DTW-D,none,none,UPGMC,logFBank,0.608255159474672,1408.30598578371
DTW-D,none,none,WPGMC,logFBank,0.597578843920307,1193.25052087751
DTW-D,none,none,Ward,logFBank,0.34180291253462,467.845234759084
DTW-D,none,none,NJ,logFBank,0.280398463325293,578.821127938104
DTW-D,none,none,Single,LPCC,0.351424997766461,850.902976490221
DTW-D,none,none,Complete,LPCC,0.334271419637273,674.127542001471
DTW-D,none,none,UPGMA,LPCC,0.33227910301081,738.854654164645
DTW-D,none,none,WPGMA,LPCC,0.31963727329581,704.980084642585
DTW-D,none,none,UPGMC,LPCC,0.561315107656571,1200.90587410269
DTW-D,none,none,WPGMC,LPCC,0.484472438130975,1053.59932918095
DTW-D,none,none,Ward,LPCC,0.298445456982042,569.861341445376
DTW-D,none,none,NJ,LPCC,0.286795318502636,670.218594849051
DTW-D,none,none,Single,MFCC,0.39235236308407,780.497736039141
DTW-D,none,none,Complete,MFCC,0.33342267488609,566.246152422252
DTW-D,none,none,UPGMA,MFCC,0.359126239614044,629.803834916036
DTW-D,none,none,WPGMA,MFCC,0.314098097024926,578.856878678388
DTW-D,none,none,UPGMC,MFCC,0.593674618064862,1265.88811570065
DTW-D,none,none,WPGMC,MFCC,0.566157419815956,1067.35422256367
DTW-D,none,none,Ward,MFCC,0.343732690074153,501.012695163425
DTW-D,none,none,NJ,MFCC,0.279272759760565,535.024626552743
DTW-D,none,none,Single,MSRCC,0.413151076565711,894.320092289704
DTW-D,none,none,Complete,MSRCC,0.398883230590548,783.35380107155
DTW-D,none,none,UPGMA,MSRCC,0.410676315554364,826.627320123087
DTW-D,none,none,WPGMA,MSRCC,0.400804073974806,878.602341475256
DTW-D,none,none,UPGMC,MSRCC,0.607915661574198,1336.77998368198
DTW-D,none,none,WPGMC,MSRCC,0.639837398373984,1331.04147506279
DTW-D,none,none,Ward,MSRCC,0.350218886804253,567.209427027472
DTW-D,none,none,NJ,MSRCC,0.309112838381131,659.67559796731
DTW-D,none,none,Single,NGCC,0.351889573840793,731.48651039952
DTW-D,none,none,Complete,NGCC,0.346546948985973,563.347518290361
DTW-D,none,none,UPGMA,NGCC,0.323657643169838,611.744450665595
DTW-D,none,none,WPGMA,NGCC,0.313588850174216,583.538702718362
DTW-D,none,none,UPGMC,NGCC,0.580094702045922,1256.19649104176
DTW-D,none,none,WPGMC,NGCC,0.54635039756991,1082.6323736714
DTW-D,none,none,Ward,NGCC,0.343598677745019,503.378344635742
DTW-D,none,none,NJ,NGCC,0.274064147234879,568.25722640126
DTW-D,none,none,Single,PNCC,0.338354328598231,659.660294655394
DTW-D,none,none,Complete,PNCC,0.286268203341374,562.667735677378
DTW-D,none,none,UPGMA,PNCC,0.346520146520147,583.855534629107
DTW-D,none,none,WPGMA,PNCC,0.318493701420531,607.704767365852
DTW-D,none,none,UPGMC,PNCC,0.596542481908336,1206.88781863857
DTW-D,none,none,WPGMC,PNCC,0.555820602162066,1068.93523597427
DTW-D,none,none,Ward,PNCC,0.311105155007594,433.355656832254
DTW-D,none,none,NJ,PNCC,0.270284999553292,478.089416885496
DTW-D,none,none,Single,PSRCC,0.741490217099973,1555.17074519821
DTW-D,none,none,Complete,PSRCC,0.691324935227374,1180.06466993225
DTW-D,none,none,UPGMA,PSRCC,0.736111855624051,1484.63394242326
DTW-D,none,none,WPGMA,PSRCC,0.70324309836505,1273.16524641307
DTW-D,none,none,UPGMC,PSRCC,0.745474850352899,1555.17074519821
DTW-D,none,none,WPGMC,PSRCC,0.74267845975163,1555.17074519821
DTW-D,none,none,Ward,PSRCC,0.642803537925489,1121.08647997662
DTW-D,none,none,NJ,PSRCC,0.480326990083088,897.478725807813
DTW-D,none,none,Single,RPLP,0.407191994996873,813.888683612317
DTW-D,none,none,Complete,RPLP,0.328339140534262,665.837186204614
DTW-D,none,none,UPGMA,RPLP,0.376842669525596,679.08852818675
DTW-D,none,none,WPGMA,RPLP,0.332305905476637,675.618115916418
DTW-D,none,none,UPGMC,RPLP,0.590699544358081,1310.39793353377
DTW-D,none,none,WPGMC,RPLP,0.516796211918163,996.235338120382
DTW-D,none,none,Ward,RPLP,0.319378182792817,531.351098828855
DTW-D,none,none,NJ,RPLP,0.335870633431609,669.934139157475
DTW-I,by-max,CMN,Single,BFCC,0.640838023764853,1478.49678928379
DTW-I,by-max,CMN,Complete,BFCC,0.463593317251854,870.641394642025
DTW-I,by-max,CMN,UPGMA,BFCC,0.527767354596623,1055.79662648122
DTW-I,by-max,CMN,WPGMA,BFCC,0.496792638256053,972.875770765544
DTW-I,by-max,CMN,UPGMC,BFCC,0.607495756276244,1555.17074519821
DTW-I,by-max,CMN,WPGMC,BFCC,0.679388903779148,1525.57973516505
DTW-I,by-max,CMN,Ward,BFCC,0.442723130528009,810.055895292489
DTW-I,by-max,CMN,NJ,BFCC,0.27098186366479,518.437939406263
DTW-I,by-max,CMN,Single,CQCC,0.529545251496471,1298.38206033458
DTW-I,by-max,CMN,Complete,CQCC,0.462816045742875,832.138726063136
DTW-I,by-max,CMN,UPGMA,CQCC,0.37985347985348,723.265360101885
DTW-I,by-max,CMN,WPGMA,CQCC,0.37646743500402,749.863304007342
DTW-I,by-max,CMN,UPGMC,CQCC,0.565424819083356,1500.070958555
DTW-I,by-max,CMN,WPGMC,CQCC,0.620852318413294,1336.38482962992
DTW-I,by-max,CMN,Ward,CQCC,0.412793710354686,768.846639137993
DTW-I,by-max,CMN,NJ,CQCC,0.261735012954525,447.622822167949
DTW-I,by-max,CMN,Single,GFCC,0.737103546859644,1518.71274898352
DTW-I,by-max,CMN,Complete,GFCC,0.520298400786206,943.514397248789
DTW-I,by-max,CMN,UPGMA,GFCC,0.634825337264362,1107.07414764016
DTW-I,by-max,CMN,WPGMA,GFCC,0.50917537746806,1027.35476003408
DTW-I,by-max,CMN,UPGMC,GFCC,0.730804967390333,1537.5706459696
DTW-I,by-max,CMN,WPGMC,GFCC,0.688126507638703,1319.12916995298
DTW-I,by-max,CMN,Ward,GFCC,0.493737157151791,890.893476955333
DTW-I,by-max,CMN,NJ,GFCC,0.322835700884481,674.347272677046
DTW-I,by-max,CMN,Single,IMFCC,0.556070758509783,1271.75228269804
DTW-I,by-max,CMN,Complete,IMFCC,0.401107835254177,664.497587192543
DTW-I,by-max,CMN,UPGMA,IMFCC,0.357107120521755,734.78861494221
DTW-I,by-max,CMN,WPGMA,IMFCC,0.355624050746002,673.071700994991
DTW-I,by-max,CMN,UPGMC,IMFCC,0.570606629143214,1533.19953562191
DTW-I,by-max,CMN,WPGMC,IMFCC,0.622585544536764,1533.19953562191
DTW-I,by-max,CMN,Ward,IMFCC,0.411230233181453,628.716842733306
DTW-I,by-max,CMN,NJ,IMFCC,0.316849816849817,607.84457837217
DTW-I,by-max,CMN,Single,LFCC,0.510452961672474,1243.38917681969
DTW-I,by-max,CMN,Complete,LFCC,0.320334137407308,645.962107421663
DTW-I,by-max,CMN,UPGMA,LFCC,0.345537389439828,615.328195741241
DTW-I,by-max,CMN,WPGMA,LFCC,0.350129545251496,613.473438531612
DTW-I,by-max,CMN,UPGMC,LFCC,0.557384079335299,1500.070958555
DTW-I,by-max,CMN,WPGMC,LFCC,0.595934959349594,1260.12051760219
DTW-I,by-max,CMN,Ward,LFCC,0.404306262842848,590.889092495991
DTW-I,by-max,CMN,NJ,LFCC,0.263298490127758,490.132396445237
DTW-I,by-max,CMN,Single,logFBank,0.505959081568838,1091.23171738576
DTW-I,by-max,CMN,Complete,logFBank,0.412606093093898,688.8904955453
DTW-I,by-max,CMN,UPGMA,logFBank,0.391217725364067,761.815937237548
DTW-I,by-max,CMN,WPGMA,logFBank,0.38433842580184,792.708779719916
DTW-I,by-max,CMN,UPGMC,logFBank,0.554096310193871,1500.28776994408
DTW-I,by-max,CMN,WPGMC,logFBank,0.634566246761369,1246.1710623049
DTW-I,by-max,CMN,Ward,logFBank,0.389770392209417,691.604748749307
DTW-I,by-max,CMN,NJ,logFBank,0.272947377825427,509.096615845155
DTW-I,by-max,CMN,Single,LPCC,0.461877959438935,1061.73514808457
DTW-I,by-max,CMN,Complete,LPCC,0.346412936656839,653.699537311445
DTW-I,by-max,CMN,UPGMA,LPCC,0.338747431430358,784.85827285685
DTW-I,by-max,CMN,WPGMA,LPCC,0.333628160457429,803.449550493162
DTW-I,by-max,CMN,UPGMC,LPCC,0.593996247654784,1325.75171802938
DTW-I,by-max,CMN,WPGMC,LPCC,0.612043241311534,1162.24562346551
DTW-I,by-max,CMN,Ward,LPCC,0.375502546234254,669.449401025463
DTW-I,by-max,CMN,NJ,LPCC,0.320620030376128,635.826676226158
DTW-I,by-max,CMN,Single,MFCC,0.482274635933172,1179.12746806268
DTW-I,by-max,CMN,Complete,MFCC,0.380371660859466,756.383120252366
DTW-I,by-max,CMN,UPGMA,MFCC,0.364093629947288,662.493656391369
DTW-I,by-max,CMN,WPGMA,MFCC,0.37567229518449,733.158143401317
DTW-I,by-max,CMN,UPGMC,MFCC,0.573215402483695,1500.65034002346
DTW-I,by-max,CMN,WPGMC,MFCC,0.613186813186813,1266.87718810559
DTW-I,by-max,CMN,Ward,MFCC,0.418770660234075,673.334635751398
DTW-I,by-max,CMN,NJ,MFCC,0.262306798892165,490.436103259526
DTW-I,by-max,CMN,Single,MSRCC,0.52714196372733,1203.10007140091
DTW-I,by-max,CMN,Complete,MSRCC,0.393201107835254,759.837308731529
DTW-I,by-max,CMN,UPGMA,MSRCC,0.443884570713839,864.264262967216
DTW-I,by-max,CMN,WPGMA,MSRCC,0.412775842044135,830.900552171084
DTW-I,by-max,CMN,UPGMC,MSRCC,0.571348164031091,1501.82104828951
DTW-I,by-max,CMN,WPGMC,MSRCC,0.614330385062092,1341.64968956236
DTW-I,by-max,CMN,Ward,MSRCC,0.353274367908514,607.301062945158
DTW-I,by-max,CMN,NJ,MSRCC,0.269659608683999,514.558754991918
DTW-I,by-max,CMN,Single,NGCC,0.459858840346645,1051.34718372267
DTW-I,by-max,CMN,Complete,NGCC,0.361869025283659,671.916981568256
DTW-I,by-max,CMN,UPGMA,NGCC,0.390494058786742,757.994876721309
DTW-I,by-max,CMN,WPGMA,NGCC,0.359153042079871,658.32331555301
DTW-I,by-max,CMN,UPGMC,NGCC,0.561976235146967,1416.63481694113
DTW-I,by-max,CMN,WPGMC,NGCC,0.569507728044313,1336.72434313645
DTW-I,by-max,CMN,Ward,NGCC,0.401545608862682,618.216258728631
DTW-I,by-max,CMN,NJ,NGCC,0.285026355758063,513.121875882942
DTW-I,by-max,CMN,Single,PNCC,0.561601000625391,1431.8616476169
DTW-I,by-max,CMN,Complete,PNCC,0.355927812025373,752.060281477215
DTW-I,by-max,CMN,UPGMA,PNCC,0.373992673992674,775.189466015971
DTW-I,by-max,CMN,WPGMA,PNCC,0.353095684803002,709.681448961627
DTW-I,by-max,CMN,UPGMC,PNCC,0.526373626373626,1430.48423425408
DTW-I,by-max,CMN,WPGMC,PNCC,0.591503618332887,1371.2139704457
DTW-I,by-max,CMN,Ward,PNCC,0.404994192799071,720.229393484201
DTW-I,by-max,CMN,NJ,PNCC,0.289841865451622,409.668123345244
DTW-I,by-max,CMN,Single,PSRCC,0.742901813633521,1555.17074519821
DTW-I,by-max,CMN,Complete,PSRCC,0.707174126686322,1287.38750020611
DTW-I,by-max,CMN,UPGMA,PSRCC,0.714669882962566,1555.17074519821
DTW-I,by-max,CMN,WPGMA,PSRCC,0.710622710622711,1468.80965672079
DTW-I,by-max,CMN,UPGMC,PSRCC,0.714669882962566,1555.17074519821
DTW-I,by-max,CMN,WPGMC,PSRCC,0.713651389261145,1555.17074519821
DTW-I,by-max,CMN,Ward,PSRCC,0.691432145090682,1433.35644799493
DTW-I,by-max,CMN,NJ,PSRCC,0.710774591262396,1027.79146521586
DTW-I,by-max,CMN,Single,RPLP,0.566023407486822,1357.83610286728
DTW-I,by-max,CMN,Complete,RPLP,0.383212722237113,873.335892940026
DTW-I,by-max,CMN,UPGMA,RPLP,0.38440096488877,932.310940462314
DTW-I,by-max,CMN,WPGMA,RPLP,0.441525953721076,880.845943456058
DTW-I,by-max,CMN,UPGMC,RPLP,0.576583579022603,1555.17074519821
DTW-I,by-max,CMN,WPGMC,RPLP,0.617117841508085,1359.19636895387
DTW-I,by-max,CMN,Ward,RPLP,0.438550880014295,793.691220482013
DTW-I,by-max,CMN,NJ,RPLP,0.335209505941213,530.315129648071
DTW-I,by-max,CMVN,Single,BFCC,0.610926471902082,1537.88135966188
DTW-I,by-max,CMVN,Complete,BFCC,0.479290628071116,906.035547821372
DTW-I,by-max,CMVN,UPGMA,BFCC,0.562110247476101,1232.06179536308
DTW-I,by-max,CMVN,WPGMA,BFCC,0.454489413025998,928.026031731253
DTW-I,by-max,CMVN,UPGMC,BFCC,0.60462789243277,1555.17074519821
DTW-I,by-max,CMVN,WPGMC,BFCC,0.646931117662825,1555.17074519821
DTW-I,by-max,CMVN,Ward,BFCC,0.478647368891271,927.323269537363
DTW-I,by-max,CMVN,NJ,BFCC,0.287501116769409,719.425769753905
DTW-I,by-max,CMVN,Single,CQCC,0.619154828910926,1533.97446906627
DTW-I,by-max,CMVN,Complete,CQCC,0.461038148843027,841.706971005866
DTW-I,by-max,CMVN,UPGMA,CQCC,0.553524524256232,1151.45951720238
DTW-I,by-max,CMVN,WPGMA,CQCC,0.461645671401769,926.196217666643
DTW-I,by-max,CMVN,UPGMC,CQCC,0.615339944608237,1537.88135966188
DTW-I,by-max,CMVN,WPGMC,CQCC,0.656231573304744,1537.88135966188
DTW-I,by-max,CMVN,Ward,CQCC,0.458357902260341,944.558049592403
DTW-I,by-max,CMVN,NJ,CQCC,0.319744483159117,748.44579395118
DTW-I,by-max,CMVN,Single,GFCC,0.682971500044671,1537.88135966188
DTW-I,by-max,CMVN,Complete,GFCC,0.391030108103279,829.276511795264
DTW-I,by-max,CMVN,UPGMA,GFCC,0.452452425623157,1003.16209085052
DTW-I,by-max,CMVN,WPGMA,GFCC,0.421361565264004,920.07024218599
DTW-I,by-max,CMVN,UPGMC,GFCC,0.591682301438399,1555.17074519821
DTW-I,by-max,CMVN,WPGMC,GFCC,0.673974805682123,1509.65141802402
DTW-I,by-max,CMVN,Ward,GFCC,0.506548735817029,861.014699521917
DTW-I,by-max,CMVN,NJ,GFCC,0.348378450817475,722.205222764327
DTW-I,by-max,CMVN,Single,IMFCC,0.59068167604753,1542.56318370185
DTW-I,by-max,CMVN,Complete,IMFCC,0.403743411060484,932.878368573485
DTW-I,by-max,CMVN,UPGMA,IMFCC,0.566255695523988,1244.29094118168
DTW-I,by-max,CMVN,WPGMA,IMFCC,0.429473778254266,1075.80143658895
DTW-I,by-max,CMVN,UPGMC,IMFCC,0.614777092825873,1542.56318370185
DTW-I,by-max,CMVN,WPGMC,IMFCC,0.619655141606361,1542.56318370185
DTW-I,by-max,CMVN,Ward,IMFCC,0.478504422406861,982.107934557079
DTW-I,by-max,CMVN,NJ,IMFCC,0.313392298758152,647.050677245481
DTW-I,by-max,CMVN,Single,LFCC,0.58541945859019,1537.88135966188
DTW-I,by-max,CMVN,Complete,LFCC,0.442955418565175,906.875641313361
DTW-I,by-max,CMVN,UPGMA,LFCC,0.496828374877155,1086.5297634493
DTW-I,by-max,CMVN,WPGMA,LFCC,0.450156347717323,894.392481938112
DTW-I,by-max,CMVN,UPGMC,LFCC,0.605351559010096,1555.17074519821
DTW-I,by-max,CMVN,WPGMC,LFCC,0.672179040471723,1555.17074519821
DTW-I,by-max,CMVN,Ward,LFCC,0.450156347717323,832.445262931891
DTW-I,by-max,CMVN,NJ,LFCC,0.318895738407934,791.715935125329
DTW-I,by-max,CMVN,Single,logFBank,0.549924059680157,1408.68484734652
DTW-I,by-max,CMVN,Complete,logFBank,0.319136960600375,629.151833448808
DTW-I,by-max,CMVN,UPGMA,logFBank,0.379817743232377,780.057448497261
DTW-I,by-max,CMVN,WPGMA,logFBank,0.357678906459394,692.04019165313
DTW-I,by-max,CMVN,UPGMC,logFBank,0.544608237291164,1463.68496110674
DTW-I,by-max,CMVN,WPGMC,logFBank,0.545644599303136,1281.37272462692
DTW-I,by-max,CMVN,Ward,logFBank,0.371276690788886,642.151045930807
DTW-I,by-max,CMVN,NJ,logFBank,0.275082640936299,544.902700576578
DTW-I,by-max,CMVN,Single,LPCC,0.548905565978737,1452.10055125411
DTW-I,by-max,CMVN,Complete,LPCC,0.395398910033056,659.744291203691
DTW-I,by-max,CMVN,UPGMA,LPCC,0.403913160010721,877.236203605483
DTW-I,by-max,CMVN,WPGMA,LPCC,0.355606182435451,675.056493639068
DTW-I,by-max,CMVN,UPGMC,LPCC,0.516188689359421,1533.19953562191
DTW-I,by-max,CMVN,WPGMC,LPCC,0.532627535066559,1473.86317546631
DTW-I,by-max,CMVN,Ward,LPCC,0.421075672295184,732.191262926437
DTW-I,by-max,CMVN,NJ,LPCC,0.311873492361297,653.837779355631
DTW-I,by-max,CMVN,Single,MFCC,0.597212543554007,1537.88135966188
DTW-I,by-max,CMVN,Complete,MFCC,0.443000089341553,904.039497329551
DTW-I,by-max,CMVN,UPGMA,MFCC,0.484928080050031,1071.04195500157
DTW-I,by-max,CMVN,WPGMA,MFCC,0.443598677745019,854.771401381088
DTW-I,by-max,CMVN,UPGMC,MFCC,0.604082908960958,1537.88135966188
DTW-I,by-max,CMVN,WPGMC,MFCC,0.684758331099795,1499.61994534081
DTW-I,by-max,CMVN,Ward,MFCC,0.462056642544447,820.018132578278
DTW-I,by-max,CMVN,NJ,MFCC,0.331868131868132,784.20615101052
DTW-I,by-max,CMVN,Single,MSRCC,0.550951487536853,1537.88135966188
DTW-I,by-max,CMVN,Complete,MSRCC,0.402698114893237,908.257200389693
DTW-I,by-max,CMVN,UPGMA,MSRCC,0.494737782542661,1067.3734620009
DTW-I,by-max,CMVN,WPGMA,MSRCC,0.402778522290717,940.490620077662
DTW-I,by-max,CMVN,UPGMC,MSRCC,0.595255963548647,1537.88135966188
DTW-I,by-max,CMVN,WPGMC,MSRCC,0.652246940051818,1492.3620324877
DTW-I,by-max,CMVN,Ward,MSRCC,0.427106227106227,881.243092728296
DTW-I,by-max,CMVN,NJ,MSRCC,0.307406414723488,817.488620548834
DTW-I,by-max,CMVN,Single,NGCC,0.603386044849459,1537.88135966188
DTW-I,by-max,CMVN,Complete,NGCC,0.459161976235147,850.467058261238
DTW-I,by-max,CMVN,UPGMA,NGCC,0.481452693647816,1062.6868312596
DTW-I,by-max,CMVN,WPGMA,NGCC,0.450638792102207,853.021311646582
DTW-I,by-max,CMVN,UPGMC,NGCC,0.599437148217636,1555.17074519821
DTW-I,by-max,CMVN,WPGMC,NGCC,0.601474135620477,1510.01398810341
DTW-I,by-max,CMVN,Ward,NGCC,0.497409094970071,903.334694248901
DTW-I,by-max,CMVN,NJ,NGCC,0.307522558742071,726.119208115903
DTW-I,by-max,CMVN,Single,PNCC,0.604100777271509,1504.71389925754
DTW-I,by-max,CMVN,Complete,PNCC,0.468346287858483,879.241048670167
DTW-I,by-max,CMVN,UPGMA,PNCC,0.477066023407487,1027.74166356931
DTW-I,by-max,CMVN,WPGMA,PNCC,0.433404806575538,865.092673606914
DTW-I,by-max,CMVN,UPGMC,PNCC,0.597927275976056,1555.17074519821
DTW-I,by-max,CMVN,WPGMC,PNCC,0.688716161886894,1509.65141802402
DTW-I,by-max,CMVN,Ward,PNCC,0.472822299651568,883.825343604703
DTW-I,by-max,CMVN,NJ,PNCC,0.309800768337354,713.165410344381
DTW-I,by-max,CMVN,Single,PSRCC,0.748351648351648,1555.17074519821
DTW-I,by-max,CMVN,Complete,PSRCC,0.750629857946931,1222.5728697168
DTW-I,by-max,CMVN,UPGMA,PSRCC,0.741186455820602,1555.17074519821
DTW-I,by-max,CMVN,WPGMA,PSRCC,0.749361207897793,1368.89389346353
DTW-I,by-max,CMVN,UPGMC,PSRCC,0.740239435361387,1555.17074519821
DTW-I,by-max,CMVN,WPGMC,PSRCC,0.740677208969892,1555.17074519821
DTW-I,by-max,CMVN,Ward,PSRCC,0.740239435361387,1555.17074519821
DTW-I,by-max,CMVN,NJ,PSRCC,0.753810417225051,984.397145413394
DTW-I,by-max,CMVN,Single,RPLP,0.643017957652104,1542.56318370185
DTW-I,by-max,CMVN,Complete,RPLP,0.451362458679532,969.808732149014
DTW-I,by-max,CMVN,UPGMA,RPLP,0.605315822388993,1329.61795557746
DTW-I,by-max,CMVN,WPGMA,RPLP,0.522397927275976,1018.59565018375
DTW-I,by-max,CMVN,UPGMC,RPLP,0.631653712141517,1542.56318370185
DTW-I,by-max,CMVN,WPGMC,RPLP,0.650022335388189,1542.56318370185
DTW-I,by-max,CMVN,Ward,RPLP,0.459358527651211,1040.01527103681
DTW-I,by-max,CMVN,NJ,RPLP,0.385142499776646,716.654831998279
DTW-I,by-max,MMN,Single,BFCC,0.632967032967033,1499.30923164853
DTW-I,by-max,MMN,Complete,BFCC,0.446395068346288,845.205408613186
DTW-I,by-max,MMN,UPGMA,BFCC,0.537585991244528,973.824751650786
DTW-I,by-max,MMN,WPGMA,BFCC,0.490645939426427,908.555773624538
DTW-I,by-max,MMN,UPGMC,BFCC,0.592450638792102,1555.17074519821
DTW-I,by-max,MMN,WPGMC,BFCC,0.692191548289109,1497.71045358595
DTW-I,by-max,MMN,Ward,BFCC,0.414625212186188,819.52427406833
DTW-I,by-max,MMN,NJ,BFCC,0.28223889931207,552.695404846417
DTW-I,by-max,MMN,Single,CQCC,0.529402305012061,1247.96737818269
DTW-I,by-max,MMN,Complete,CQCC,0.324443848834093,574.090212334299
DTW-I,by-max,MMN,UPGMA,CQCC,0.402555168408827,865.565774416
DTW-I,by-max,MMN,WPGMA,CQCC,0.411105155007594,896.119174389604
DTW-I,by-max,MMN,UPGMC,CQCC,0.571669793621013,1499.99880876925
DTW-I,by-max,MMN,WPGMC,CQCC,0.579531850263558,1286.1466746117
DTW-I,by-max,MMN,Ward,CQCC,0.39732868757259,581.846799663722
DTW-I,by-max,MMN,NJ,CQCC,0.263807736978469,403.128050032529
DTW-I,by-max,MMN,Single,GFCC,0.738372196908782,1518.71274898352
DTW-I,by-max,MMN,Complete,GFCC,0.529634593049227,985.281256003051
DTW-I,by-max,MMN,UPGMA,GFCC,0.636647904940588,1091.1928387996
DTW-I,by-max,MMN,WPGMA,GFCC,0.476887340301974,1013.72625030174
DTW-I,by-max,MMN,UPGMC,GFCC,0.729786473688913,1537.5706459696
DTW-I,by-max,MMN,WPGMC,GFCC,0.673376217278656,1288.77990490509
DTW-I,by-max,MMN,Ward,GFCC,0.505717859376396,949.438201221525
DTW-I,by-max,MMN,NJ,GFCC,0.348101492003931,623.888679088798
DTW-I,by-max,MMN,Single,IMFCC,0.541284731528634,1309.49432829459
DTW-I,by-max,MMN,Complete,IMFCC,0.358420441347271,671.928539682511
DTW-I,by-max,MMN,UPGMA,IMFCC,0.363378897525239,822.84247310344
DTW-I,by-max,MMN,WPGMA,IMFCC,0.424443848834093,866.903940553884
DTW-I,by-max,MMN,UPGMC,IMFCC,0.592575716965961,1533.19953562191
DTW-I,by-max,MMN,WPGMC,IMFCC,0.588537478781381,1368.6486201
DTW-I,by-max,MMN,Ward,IMFCC,0.40195658000536,654.805173680337
DTW-I,by-max,MMN,NJ,IMFCC,0.356696149379076,640.315416196881
DTW-I,by-max,MMN,Single,LFCC,0.500687929956223,1220.78774401637
DTW-I,by-max,MMN,Complete,LFCC,0.327240239435361,585.381193518233
DTW-I,by-max,MMN,UPGMA,LFCC,0.386295005807201,789.6346036851
DTW-I,by-max,MMN,WPGMA,LFCC,0.338640221567051,736.949804568203
DTW-I,by-max,MMN,UPGMC,LFCC,0.568390958634861,1497.13922424953
DTW-I,by-max,MMN,WPGMC,LFCC,0.565951934244617,1319.99889968546
DTW-I,by-max,MMN,Ward,LFCC,0.42736531760922,667.898395000798
DTW-I,by-max,MMN,NJ,LFCC,0.272929509514875,495.977448237071
DTW-I,by-max,MMN,Single,logFBank,0.466005539176271,1084.15148239241
DTW-I,by-max,MMN,Complete,logFBank,0.35083534351827,611.073959475801
DTW-I,by-max,MMN,UPGMA,logFBank,0.382989368355222,715.730201644573
DTW-I,by-max,MMN,WPGMA,logFBank,0.372715089788261,715.730201644573
DTW-I,by-max,MMN,UPGMC,logFBank,0.537639596176182,1432.96532437005
DTW-I,by-max,MMN,WPGMC,logFBank,0.60332350576253,1293.6752238684
DTW-I,by-max,MMN,Ward,logFBank,0.355132672205843,573.578625913699
DTW-I,by-max,MMN,NJ,logFBank,0.27024926293219,547.397244702698
DTW-I,by-max,MMN,Single,LPCC,0.483730903243098,1128.90582473419
DTW-I,by-max,MMN,Complete,LPCC,0.347306352184401,738.415985742304
DTW-I,by-max,MMN,UPGMA,LPCC,0.36311087286697,792.409224491816
DTW-I,by-max,MMN,WPGMA,LPCC,0.358161350844278,758.689373105593
DTW-I,by-max,MMN,UPGMC,LPCC,0.631055123738051,1391.92586059148
DTW-I,by-max,MMN,WPGMC,LPCC,0.430501206110962,1123.06785950876
DTW-I,by-max,MMN,Ward,LPCC,0.38346287858483,711.958975302752
DTW-I,by-max,MMN,NJ,LPCC,0.314330385062092,623.855491953753
DTW-I,by-max,MMN,Single,MFCC,0.514392924149022,1209.34775750171
DTW-I,by-max,MMN,Complete,MFCC,0.347744125792906,667.549035807193
DTW-I,by-max,MMN,UPGMA,MFCC,0.396015366747074,826.547433299291
DTW-I,by-max,MMN,WPGMA,MFCC,0.41472348789422,853.075984491594
DTW-I,by-max,MMN,UPGMC,MFCC,0.556115429286161,1452.49266188705
DTW-I,by-max,MMN,WPGMC,MFCC,0.594058786741714,1310.47342714211
DTW-I,by-max,MMN,Ward,MFCC,0.397641383007237,564.557414127394
DTW-I,by-max,MMN,NJ,MFCC,0.264147234878942,404.618375659113
DTW-I,by-max,MMN,Single,MSRCC,0.524899490753149,1228.92363850716
DTW-I,by-max,MMN,Complete,MSRCC,0.417099973197534,775.784164080909
DTW-I,by-max,MMN,UPGMA,MSRCC,0.453435182703475,813.084324788068
DTW-I,by-max,MMN,WPGMA,MSRCC,0.437460913070669,837.293267719097
DTW-I,by-max,MMN,UPGMC,MSRCC,0.57263468239078,1457.86563354302
DTW-I,by-max,MMN,WPGMC,MSRCC,0.600125078173859,1317.33139508331
DTW-I,by-max,MMN,Ward,MSRCC,0.388305190744215,703.420025869031
DTW-I,by-max,MMN,NJ,MSRCC,0.265380148306978,411.373115726551
DTW-I,by-max,MMN,Single,NGCC,0.464951308853748,1041.57620604362
DTW-I,by-max,MMN,Complete,NGCC,0.358634861073885,761.733324082042
DTW-I,by-max,MMN,UPGMA,NGCC,0.36757795050478,804.51320816596
DTW-I,by-max,MMN,WPGMA,NGCC,0.365281872598946,790.916709335454
DTW-I,by-max,MMN,UPGMC,NGCC,0.565281872598946,1411.95299290115
DTW-I,by-max,MMN,WPGMC,NGCC,0.543839899937461,1201.85974641313
DTW-I,by-max,MMN,Ward,NGCC,0.380639685517734,754.938949792349
DTW-I,by-max,MMN,NJ,NGCC,0.263861341910122,470.320262923294
DTW-I,by-max,MMN,Single,PNCC,0.546341463414634,1375.70458124284
DTW-I,by-max,MMN,Complete,PNCC,0.383150183150183,693.19290314456
DTW-I,by-max,MMN,UPGMA,PNCC,0.407558295363173,892.902081697094
DTW-I,by-max,MMN,WPGMA,PNCC,0.389055659787367,811.978978693962
DTW-I,by-max,MMN,UPGMC,PNCC,0.539828464218708,1478.63550077101
DTW-I,by-max,MMN,WPGMC,PNCC,0.592942017332261,1336.54032580746
DTW-I,by-max,MMN,Ward,PNCC,0.421870812114715,705.446448110826
DTW-I,by-max,MMN,NJ,PNCC,0.295666934691325,503.149301434244
DTW-I,by-max,MMN,Single,PSRCC,0.741311533994461,1555.17074519821
DTW-I,by-max,MMN,Complete,PSRCC,0.707093719288841,1292.06932424609
DTW-I,by-max,MMN,UPGMA,PSRCC,0.714669882962566,1555.17074519821
DTW-I,by-max,MMN,WPGMA,PSRCC,0.711641204324131,1440.13543081749
DTW-I,by-max,MMN,UPGMC,PSRCC,0.714669882962566,1555.17074519821
DTW-I,by-max,MMN,WPGMC,PSRCC,0.713651389261145,1555.17074519821
DTW-I,by-max,MMN,Ward,PSRCC,0.691432145090682,1433.35644799493
DTW-I,by-max,MMN,NJ,PSRCC,0.710774591262396,1027.79146521586
DTW-I,by-max,MMN,Single,RPLP,0.551567944250871,1232.86254726802
DTW-I,by-max,MMN,Complete,RPLP,0.438827838827839,795.315567005301
DTW-I,by-max,MMN,UPGMA,RPLP,0.46578218529438,988.045338410352
DTW-I,by-max,MMN,WPGMA,RPLP,0.434110604842312,906.724413079792
DTW-I,by-max,MMN,UPGMC,RPLP,0.589761458054141,1475.93882934393
DTW-I,by-max,MMN,WPGMC,RPLP,0.574546591619762,1260.53886642963
DTW-I,by-max,MMN,Ward,RPLP,0.467372464933441,822.191720921541
DTW-I,by-max,MMN,NJ,RPLP,0.368587510050925,798.153357929467
DTW-I,by-max,MMVN,Single,BFCC,0.6512641829715,1482.96693702843
DTW-I,by-max,MMVN,Complete,BFCC,0.413758599124453,718.623991530099
DTW-I,by-max,MMVN,UPGMA,BFCC,0.555713392298758,1067.56969048888
DTW-I,by-max,MMVN,WPGMA,BFCC,0.486107388546413,901.867910895112
DTW-I,by-max,MMVN,UPGMC,BFCC,0.594996873045654,1555.17074519821
DTW-I,by-max,MMVN,WPGMC,BFCC,0.695005807200929,1454.49812276243
DTW-I,by-max,MMVN,Ward,BFCC,0.432779415706245,803.615195985013
DTW-I,by-max,MMVN,NJ,BFCC,0.272911641204324,561.715441456544
DTW-I,by-max,MMVN,Single,CQCC,0.59082462253194,1427.87839670044
DTW-I,by-max,MMVN,Complete,CQCC,0.327454659161976,607.048446191674
DTW-I,by-max,MMVN,UPGMA,CQCC,0.445278298936836,838.947203370274
DTW-I,by-max,MMVN,WPGMA,CQCC,0.371214151701957,800.715438135055
DTW-I,by-max,MMVN,UPGMC,CQCC,0.57840614669883,1499.99880876925
DTW-I,by-max,MMVN,WPGMC,CQCC,0.569981238273921,1289.97500271638
DTW-I,by-max,MMVN,Ward,CQCC,0.384043598677745,742.889396560561
DTW-I,by-max,MMVN,NJ,CQCC,0.269078888591084,458.638979592647
DTW-I,by-max,MMVN,Single,GFCC,0.677021352631109,1361.41373400023
DTW-I,by-max,MMVN,Complete,GFCC,0.367676226212812,776.382465782696
DTW-I,by-max,MMVN,UPGMA,GFCC,0.425292593585276,784.281420065808
DTW-I,by-max,MMVN,WPGMA,GFCC,0.355034396497811,685.327984280281
DTW-I,by-max,MMVN,UPGMC,GFCC,0.585839363888144,1409.90506901834
DTW-I,by-max,MMVN,WPGMC,GFCC,0.599624765478424,1359.45383996679
DTW-I,by-max,MMVN,Ward,GFCC,0.454158849280801,720.626506930203
DTW-I,by-max,MMVN,NJ,GFCC,0.277450192084338,584.50648051283
DTW-I,by-max,MMVN,Single,IMFCC,0.570338604484946,1305.84861075484
DTW-I,by-max,MMVN,Complete,IMFCC,0.429866881086393,733.658023374842
DTW-I,by-max,MMVN,UPGMA,IMFCC,0.36729205753596,775.784585838375
DTW-I,by-max,MMVN,WPGMA,IMFCC,0.424810149200393,756.292653964601
DTW-I,by-max,MMVN,UPGMC,IMFCC,0.570213526311087,1533.19953562191
DTW-I,by-max,MMVN,WPGMC,IMFCC,0.620360939873135,1362.40264963329
DTW-I,by-max,MMVN,Ward,IMFCC,0.44006968641115,746.792937728976
DTW-I,by-max,MMVN,NJ,IMFCC,0.322871437505584,640.005306402075
DTW-I,by-max,MMVN,Single,LFCC,0.435343518270348,1177.38907627201
DTW-I,by-max,MMVN,Complete,LFCC,0.432002144197266,752.207370469054
DTW-I,by-max,MMVN,UPGMA,LFCC,0.372036093987314,870.985584782697
DTW-I,by-max,MMVN,WPGMA,LFCC,0.350004467077638,794.92995641123
DTW-I,by-max,MMVN,UPGMC,LFCC,0.55010274278567,1501.82104828951
DTW-I,by-max,MMVN,WPGMC,LFCC,0.558840346645225,1196.21354272345
DTW-I,by-max,MMVN,Ward,LFCC,0.42901813633521,672.379521690535
DTW-I,by-max,MMVN,NJ,LFCC,0.275582953631734,471.387874691564
DTW-I,by-max,MMVN,Single,logFBank,0.546457607433217,1424.29290234371
DTW-I,by-max,MMVN,Complete,logFBank,0.279782006611275,545.80129124634
DTW-I,by-max,MMVN,UPGMA,logFBank,0.348521397301885,711.383460416333
DTW-I,by-max,MMVN,WPGMA,logFBank,0.367220584293755,749.732243711877
DTW-I,by-max,MMVN,UPGMC,logFBank,0.546466541588493,1460.89860007581
DTW-I,by-max,MMVN,WPGMC,logFBank,0.581827928169392,1249.63166721514
DTW-I,by-max,MMVN,Ward,logFBank,0.367622621281158,611.418964247059
DTW-I,by-max,MMVN,NJ,logFBank,0.270713839006522,496.167878996503
DTW-I,by-max,MMVN,Single,LPCC,0.450853211828822,1058.1740132439
DTW-I,by-max,MMVN,Complete,LPCC,0.345814348253373,663.851697648523
DTW-I,by-max,MMVN,UPGMA,LPCC,0.332502456892701,703.760052492289
DTW-I,by-max,MMVN,WPGMA,LPCC,0.353497721790405,694.740015882162
DTW-I,by-max,MMVN,UPGMC,LPCC,0.621986956133298,1404.15187512879
DTW-I,by-max,MMVN,WPGMC,LPCC,0.574859287054409,1222.73055852474
DTW-I,by-max,MMVN,Ward,LPCC,0.332296971321362,692.993683507066
DTW-I,by-max,MMVN,NJ,LPCC,0.314330385062092,623.855491953753
DTW-I,by-max,MMVN,Single,MFCC,0.410631644777986,1078.28329601448
DTW-I,by-max,MMVN,Complete,MFCC,0.402849995532922,693.92829323399
DTW-I,by-max,MMVN,UPGMA,MFCC,0.357803984633253,735.602463645585
DTW-I,by-max,MMVN,WPGMA,MFCC,0.389725721433039,700.402575834457
DTW-I,by-max,MMVN,UPGMC,MFCC,0.563200214419727,1409.98157093887
DTW-I,by-max,MMVN,WPGMC,MFCC,0.538023764853033,1272.73400114595
DTW-I,by-max,MMVN,Ward,MFCC,0.398213168944876,581.071866219357
DTW-I,by-max,MMVN,NJ,MFCC,0.264513535245243,426.914513226485
DTW-I,by-max,MMVN,Single,MSRCC,0.492227284910212,1293.96221605248
DTW-I,by-max,MMVN,Complete,MSRCC,0.423809523809524,688.473707828446
DTW-I,by-max,MMVN,UPGMA,MSRCC,0.397998749218261,855.991216573908
DTW-I,by-max,MMVN,WPGMA,MSRCC,0.385079960689717,773.046776150044
DTW-I,by-max,MMVN,UPGMC,MSRCC,0.532386312874118,1500.65034002346
DTW-I,by-max,MMVN,WPGMC,MSRCC,0.548691146252122,1283.69977849588
DTW-I,by-max,MMVN,Ward,MSRCC,0.369641740373448,676.472096218637
DTW-I,by-max,MMVN,NJ,MSRCC,0.278781381220406,576.233078464382
DTW-I,by-max,MMVN,Single,NGCC,0.452246940051818,1063.73029109284
DTW-I,by-max,MMVN,Complete,NGCC,0.361386580898776,782.933056482808
DTW-I,by-max,MMVN,UPGMA,NGCC,0.310578039846333,724.631486156987
DTW-I,by-max,MMVN,WPGMA,NGCC,0.366202090592334,750.042533661463
DTW-I,by-max,MMVN,UPGMC,NGCC,0.565907263468239,1370.14361606566
DTW-I,by-max,MMVN,WPGMC,NGCC,0.562253193960511,1187.30615666003
DTW-I,by-max,MMVN,Ward,NGCC,0.44779773072456,718.245122511228
DTW-I,by-max,MMVN,NJ,NGCC,0.262306798892165,480.801121569116
DTW-I,by-max,MMVN,Single,PNCC,0.506655945680336,1184.43628814312
DTW-I,by-max,MMVN,Complete,PNCC,0.352925935852765,707.595474893422
DTW-I,by-max,MMVN,UPGMA,PNCC,0.406879299562226,877.523872105752
DTW-I,by-max,MMVN,WPGMA,PNCC,0.374466184222282,828.288977340588
DTW-I,by-max,MMVN,UPGMC,PNCC,0.526579111944966,1418.25255807223
DTW-I,by-max,MMVN,WPGMC,PNCC,0.572241579558653,1309.65892607031
DTW-I,by-max,MMVN,Ward,PNCC,0.397971946752435,664.293979630541
DTW-I,by-max,MMVN,NJ,PNCC,0.268149736442419,523.006446581099
DTW-I,by-max,MMVN,Single,PSRCC,0.741874385776825,1555.17074519821
DTW-I,by-max,MMVN,Complete,PSRCC,0.694183864915572,1257.56452872958
DTW-I,by-max,MMVN,UPGMA,PSRCC,0.714669882962566,1555.17074519821
DTW-I,by-max,MMVN,WPGMA,PSRCC,0.711641204324131,1440.13543081749
DTW-I,by-max,MMVN,UPGMC,PSRCC,0.714669882962566,1555.17074519821
DTW-I,by-max,MMVN,WPGMC,PSRCC,0.713651389261145,1555.17074519821
DTW-I,by-max,MMVN,Ward,PSRCC,0.691816313767533,1433.35644799493
DTW-I,by-max,MMVN,NJ,PSRCC,0.710774591262396,1027.79146521586
DTW-I,by-max,MMVN,Single,RPLP,0.571508978826052,1357.83610286728
DTW-I,by-max,MMVN,Complete,RPLP,0.421459840972036,850.754279615182
DTW-I,by-max,MMVN,UPGMA,RPLP,0.38440096488877,944.282124734718
DTW-I,by-max,MMVN,WPGMA,RPLP,0.441525953721076,880.845943456058
DTW-I,by-max,MMVN,UPGMC,RPLP,0.578147056195837,1522.62154959976
DTW-I,by-max,MMVN,WPGMC,RPLP,0.616715804520683,1347.19651022568
DTW-I,by-max,MMVN,Ward,RPLP,0.433431609041365,769.515122232015
DTW-I,by-max,MMVN,NJ,RPLP,0.338961851156973,524.627025524282
DTW-I,by-max,none,Single,BFCC,0.634083802376485,1443.71154668783
DTW-I,by-max,none,Complete,BFCC,0.387903153756812,820.347254065545
DTW-I,by-max,none,UPGMA,BFCC,0.535316715804521,948.137174103336
DTW-I,by-max,none,WPGMA,BFCC,0.502153131421424,929.356967016941
DTW-I,by-max,none,UPGMC,BFCC,0.592897346555883,1555.17074519821
DTW-I,by-max,none,WPGMC,BFCC,0.692075404270526,1484.20929028609
DTW-I,by-max,none,Ward,BFCC,0.414625212186188,819.52427406833
DTW-I,by-max,none,NJ,BFCC,0.282560528901992,552.695404846417
DTW-I,by-max,none,Single,CQCC,0.528893058161351,1252.4576828423
DTW-I,by-max,none,Complete,CQCC,0.332332707942464,609.277216719481
DTW-I,by-max,none,UPGMA,CQCC,0.405029929420173,839.690016353298
DTW-I,by-max,none,WPGMA,CQCC,0.38894844992406,778.103868295938
DTW-I,by-max,none,UPGMC,CQCC,0.569078888591084,1499.99880876925
DTW-I,by-max,none,WPGMC,CQCC,0.623648709014563,1394.1350642239
DTW-I,by-max,none,Ward,CQCC,0.35263110872867,566.079278133949
DTW-I,by-max,none,NJ,CQCC,0.264147234878942,404.618375659113
DTW-I,by-max,none,Single,GFCC,0.738390065219333,1518.71274898352
DTW-I,by-max,none,Complete,GFCC,0.529491646564817,994.936265707799
DTW-I,by-max,none,UPGMA,GFCC,0.636647904940588,1091.1928387996
DTW-I,by-max,none,WPGMA,GFCC,0.476887340301974,1013.72625030174
DTW-I,by-max,none,UPGMC,GFCC,0.729786473688913,1537.5706459696
DTW-I,by-max,none,WPGMC,GFCC,0.673376217278656,1288.77990490509
DTW-I,by-max,none,Ward,GFCC,0.505717859376396,949.438201221525
DTW-I,by-max,none,NJ,GFCC,0.348101492003931,623.888679088798
DTW-I,by-max,none,Single,IMFCC,0.53566514786027,1314.50907060505
DTW-I,by-max,none,Complete,IMFCC,0.311060484231216,747.449491003655
DTW-I,by-max,none,UPGMA,IMFCC,0.365594568033592,830.131833335871
DTW-I,by-max,none,WPGMA,IMFCC,0.428642901813634,820.540385335247
DTW-I,by-max,none,UPGMC,IMFCC,0.5851961047083,1533.19953562191
DTW-I,by-max,none,WPGMC,IMFCC,0.601920843384258,1400.60492726504
DTW-I,by-max,none,Ward,IMFCC,0.41610828196194,653.932408868633
DTW-I,by-max,none,NJ,IMFCC,0.328035379254891,639.078237924529
DTW-I,by-max,none,Single,LFCC,0.512087912087912,1243.71281647455
DTW-I,by-max,none,Complete,LFCC,0.332261234700259,637.182088784989
DTW-I,by-max,none,UPGMA,LFCC,0.386437952291611,765.055857916341
DTW-I,by-max,none,WPGMA,LFCC,0.433154650227821,781.225029423573
DTW-I,by-max,none,UPGMC,LFCC,0.563664790494059,1501.82104828951
DTW-I,by-max,none,WPGMC,LFCC,0.536844456356651,1285.359369398
DTW-I,by-max,none,Ward,LFCC,0.427615473956937,659.834101324002
DTW-I,by-max,none,NJ,LFCC,0.272250513713928,485.94597555386
DTW-I,by-max,none,Single,logFBank,0.496453140355579,1053.82166354395
DTW-I,by-max,none,Complete,logFBank,0.35660680782632,656.025341438714
DTW-I,by-max,none,UPGMA,logFBank,0.395425712498883,822.678231724139
DTW-I,by-max,none,WPGMA,logFBank,0.399982131689449,816.248660058868
DTW-I,by-max,none,UPGMC,logFBank,0.567140176896274,1500.28776994408
DTW-I,by-max,none,WPGMC,logFBank,0.551621549182525,1241.48333691129
DTW-I,by-max,none,Ward,logFBank,0.362771374966497,628.316242345318
DTW-I,by-max,none,NJ,logFBank,0.274144554632359,491.482265281541
DTW-I,by-max,none,Single,LPCC,0.456830161708211,983.999973133654
DTW-I,by-max,none,Complete,LPCC,0.342669525596355,675.463534570444
DTW-I,by-max,none,UPGMA,LPCC,0.409023496828375,800.549637476202
DTW-I,by-max,none,WPGMA,LPCC,0.339837398373984,784.85827285685
DTW-I,by-max,none,UPGMC,LPCC,0.55899222728491,1236.81177515127
DTW-I,by-max,none,WPGMC,LPCC,0.451710890735281,1026.94458768701
DTW-I,by-max,none,Ward,LPCC,0.332046814973644,709.94347282452
DTW-I,by-max,none,NJ,LPCC,0.313713928348075,618.268133643233
DTW-I,by-max,none,Single,MFCC,0.512498883230591,1172.36061195786
DTW-I,by-max,none,Complete,MFCC,0.345510586974002,618.483478096156
DTW-I,by-max,none,UPGMA,MFCC,0.400598588403466,855.607305757787
DTW-I,by-max,none,WPGMA,MFCC,0.368024658268561,827.358143526189
DTW-I,by-max,none,UPGMC,MFCC,0.567604752970607,1496.47871071581
DTW-I,by-max,none,WPGMC,MFCC,0.596667560082194,1310.47342714211
DTW-I,by-max,none,Ward,MFCC,0.428821584919146,680.083286539709
DTW-I,by-max,none,NJ,MFCC,0.270374341106048,492.149572599731
DTW-I,by-max,none,Single,MSRCC,0.507602966139551,1197.85323663749
DTW-I,by-max,none,Complete,MSRCC,0.420244795854552,730.862330793236
DTW-I,by-max,none,UPGMA,MSRCC,0.44353613865809,792.021155103055
DTW-I,by-max,none,WPGMA,MSRCC,0.430340391316001,796.457542545715
DTW-I,by-max,none,UPGMC,MSRCC,0.537862950058072,1453.96761976763
DTW-I,by-max,none,WPGMC,MSRCC,0.576449566693469,1357.52826314865
DTW-I,by-max,none,Ward,MSRCC,0.388305190744215,703.420025869031
DTW-I,by-max,none,NJ,MSRCC,0.281202537300098,600.296619288192
DTW-I,by-max,none,Single,NGCC,0.465612436344144,1037.32886213816
DTW-I,by-max,none,Complete,NGCC,0.380416331635844,755.266660017586
DTW-I,by-max,none,UPGMA,NGCC,0.347413562047708,857.71215945252
DTW-I,by-max,none,WPGMA,NGCC,0.396935584740463,860.761029505772
DTW-I,by-max,none,UPGMC,NGCC,0.566023407486822,1416.63481694113
DTW-I,by-max,none,WPGMC,NGCC,0.552917001697489,1282.12910106383
DTW-I,by-max,none,Ward,NGCC,0.396113642455106,704.681377524906
DTW-I,by-max,none,NJ,NGCC,0.263521844009649,437.191685856391
DTW-I,by-max,none,Single,PNCC,0.55603502188868,1404.80286552398
DTW-I,by-max,none,Complete,PNCC,0.354087376038596,674.711451003864
DTW-I,by-max,none,UPGMA,PNCC,0.369659608683999,871.786832215908
DTW-I,by-max,none,WPGMA,PNCC,0.39849012775842,814.543512775311
DTW-I,by-max,none,UPGMC,PNCC,0.541266863218083,1522.04216813131
DTW-I,by-max,none,WPGMC,PNCC,0.596301259715894,1336.54032580746
DTW-I,by-max,none,Ward,PNCC,0.393871169480926,699.100718379889
DTW-I,by-max,none,NJ,PNCC,0.295327436790851,521.704765249958
DTW-I,by-max,none,Single,PSRCC,0.742499776646118,1555.17074519821
DTW-I,by-max,none,Complete,PSRCC,0.718725989457697,1293.04235719849
DTW-I,by-max,none,UPGMA,PSRCC,0.715465022782096,1555.17074519821
DTW-I,by-max,none,WPGMA,PSRCC,0.708040739748057,1416.47938423476
DTW-I,by-max,none,UPGMC,PSRCC,0.716001072098633,1555.17074519821
DTW-I,by-max,none,WPGMC,PSRCC,0.713329759671223,1555.17074519821
DTW-I,by-max,none,Ward,PSRCC,0.689850799606897,1406.21226954364
DTW-I,by-max,none,NJ,PSRCC,0.717019565800054,1017.85520113585
DTW-I,by-max,none,Single,RPLP,0.501563477173233,1355.59625865661
DTW-I,by-max,none,Complete,RPLP,0.345287233092111,847.210168053454
DTW-I,by-max,none,UPGMA,RPLP,0.415724113285089,897.745093128341
DTW-I,by-max,none,WPGMA,RPLP,0.430242115607969,889.59909124546
DTW-I,by-max,none,UPGMC,RPLP,0.563727329580988,1499.69751621947
DTW-I,by-max,none,WPGMC,RPLP,0.49883855981417,1341.42787741651
DTW-I,by-max,none,Ward,RPLP,0.42526579111945,746.065094827052
DTW-I,by-max,none,NJ,RPLP,0.330295720539623,701.47115897891
DTW-I,by-sum,CMN,Single,BFCC,0.596051103368177,1356.66489572933
DTW-I,by-sum,CMN,Complete,BFCC,0.538104172250514,922.18927658621
DTW-I,by-sum,CMN,UPGMA,BFCC,0.541275797373358,1012.3666741261
DTW-I,by-sum,CMN,WPGMA,BFCC,0.502501563477173,947.657008621222
DTW-I,by-sum,CMN,UPGMC,BFCC,0.641329402305012,1533.19953562191
DTW-I,by-sum,CMN,WPGMC,BFCC,0.652988474939694,1368.14782736304
DTW-I,by-sum,CMN,Ward,BFCC,0.475770570892522,793.244188596634
DTW-I,by-sum,CMN,NJ,BFCC,0.278665237201823,494.531860154377
DTW-I,by-sum,CMN,Single,CQCC,0.509407665505226,1143.29921333314
DTW-I,by-sum,CMN,Complete,CQCC,0.443973912266595,785.312346580032
DTW-I,by-sum,CMN,UPGMA,CQCC,0.425980523541499,908.830720329111
DTW-I,by-sum,CMN,WPGMA,CQCC,0.423318145269365,795.02661911029
DTW-I,by-sum,CMN,UPGMC,CQCC,0.585723219869561,1500.28776994408
DTW-I,by-sum,CMN,WPGMC,CQCC,0.558652729384437,1282.04170919591
DTW-I,by-sum,CMN,Ward,CQCC,0.422719556865898,642.578719928053
DTW-I,by-sum,CMN,NJ,CQCC,0.263861341910122,482.901835791924
DTW-I,by-sum,CMN,Single,GFCC,0.718636647904941,1415.04637862265
DTW-I,by-sum,CMN,Complete,GFCC,0.534333958724203,987.196841961967
DTW-I,by-sum,CMN,UPGMA,GFCC,0.640498525864379,1094.37282684314
DTW-I,by-sum,CMN,WPGMA,GFCC,0.526766729205754,995.297421177662
DTW-I,by-sum,CMN,UPGMC,GFCC,0.733208255159475,1537.5706459696
DTW-I,by-sum,CMN,WPGMC,GFCC,0.704985258643795,1331.86827527961
DTW-I,by-sum,CMN,Ward,GFCC,0.506807826320021,952.77150472226
DTW-I,by-sum,CMN,NJ,GFCC,0.32816045742875,697.557452079863
DTW-I,by-sum,CMN,Single,IMFCC,0.496730099169124,1120.51511336958
DTW-I,by-sum,CMN,Complete,IMFCC,0.469543464665416,840.151214301174
DTW-I,by-sum,CMN,UPGMA,IMFCC,0.421584919145895,874.895457032993
DTW-I,by-sum,CMN,WPGMA,IMFCC,0.479451442866077,869.246796762044
DTW-I,by-sum,CMN,UPGMC,IMFCC,0.596953453051014,1533.19953562191
DTW-I,by-sum,CMN,WPGMC,IMFCC,0.596524613597784,1496.62093112496
DTW-I,by-sum,CMN,Ward,IMFCC,0.426177074957563,676.470161595039
DTW-I,by-sum,CMN,NJ,IMFCC,0.274743143035826,532.874998344477
DTW-I,by-sum,CMN,Single,LFCC,0.476056463861342,1126.32441235482
DTW-I,by-sum,CMN,Complete,LFCC,0.427713749664969,732.247567240839
DTW-I,by-sum,CMN,UPGMA,LFCC,0.442758867149111,833.8637467115
DTW-I,by-sum,CMN,WPGMA,LFCC,0.483855981416957,875.733059577274
DTW-I,by-sum,CMN,UPGMC,LFCC,0.581345483784508,1501.16053475578
DTW-I,by-sum,CMN,WPGMC,LFCC,0.597051728759046,1243.23576238332
DTW-I,by-sum,CMN,Ward,LFCC,0.445242562315733,704.963816925286
DTW-I,by-sum,CMN,NJ,LFCC,0.268283748771554,494.901694520113
DTW-I,by-sum,CMN,Single,logFBank,0.455079067274189,1057.98110666911
DTW-I,by-sum,CMN,Complete,logFBank,0.351156973108193,713.470577803231
DTW-I,by-sum,CMN,UPGMA,logFBank,0.421549182524792,831.362654939284
DTW-I,by-sum,CMN,WPGMA,logFBank,0.344411685875101,718.683795707866
DTW-I,by-sum,CMN,UPGMC,logFBank,0.562637362637363,1439.31016972731
DTW-I,by-sum,CMN,WPGMC,logFBank,0.603743411060484,1299.29519090096
DTW-I,by-sum,CMN,Ward,logFBank,0.428678638434736,605.626741990842
DTW-I,by-sum,CMN,NJ,logFBank,0.290949700705798,594.12777765445
DTW-I,by-sum,CMN,Single,LPCC,0.489922272849102,1079.9753735791
DTW-I,by-sum,CMN,Complete,LPCC,0.303868489234343,755.045736436366
DTW-I,by-sum,CMN,UPGMA,LPCC,0.396515679442509,814.626744353576
DTW-I,by-sum,CMN,WPGMA,LPCC,0.345081747520772,788.474363873112
DTW-I,by-sum,CMN,UPGMC,LPCC,0.624890556597874,1322.01624817698
DTW-I,by-sum,CMN,WPGMC,LPCC,0.614071294559099,1191.92267347787
DTW-I,by-sum,CMN,Ward,LPCC,0.294934333958724,650.143175703164
DTW-I,by-sum,CMN,NJ,LPCC,0.28411507191995,631.957180527984
DTW-I,by-sum,CMN,Single,MFCC,0.482542660591441,1106.53684402497
DTW-I,by-sum,CMN,Complete,MFCC,0.495104082908961,786.89667668075
DTW-I,by-sum,CMN,UPGMA,MFCC,0.44663629053873,851.483572472249
DTW-I,by-sum,CMN,WPGMA,MFCC,0.432028946663093,745.57057142155
DTW-I,by-sum,CMN,UPGMC,MFCC,0.569400518181006,1439.31016972731
DTW-I,by-sum,CMN,WPGMC,MFCC,0.593826498704548,1287.30294327734
DTW-I,by-sum,CMN,Ward,MFCC,0.445242562315733,700.281992885312
DTW-I,by-sum,CMN,NJ,MFCC,0.270785312248727,534.431446679339
DTW-I,by-sum,CMN,Single,MSRCC,0.526409362994729,1151.13035589799
DTW-I,by-sum,CMN,Complete,MSRCC,0.407352809791834,793.948036587281
DTW-I,by-sum,CMN,UPGMA,MSRCC,0.488287322433664,983.807733546726
DTW-I,by-sum,CMN,WPGMA,MSRCC,0.445760743321719,855.772967867194
DTW-I,by-sum,CMN,UPGMC,MSRCC,0.591968194407219,1453.96761976763
DTW-I,by-sum,CMN,WPGMC,MSRCC,0.612177253640668,1302.5049703489
DTW-I,by-sum,CMN,Ward,MSRCC,0.41017600285893,725.39314829664
DTW-I,by-sum,CMN,NJ,MSRCC,0.296202984007862,622.84839894731
DTW-I,by-sum,CMN,Single,NGCC,0.449745376574645,1006.36846966194
DTW-I,by-sum,CMN,Complete,NGCC,0.384204413472706,761.582303430613
DTW-I,by-sum,CMN,UPGMA,NGCC,0.39775752702582,875.609106347926
DTW-I,by-sum,CMN,WPGMA,NGCC,0.366059144107925,727.134164093905
DTW-I,by-sum,CMN,UPGMC,NGCC,0.583096578218529,1357.02950183519
DTW-I,by-sum,CMN,WPGMC,NGCC,0.602707049048512,1292.85076052414
DTW-I,by-sum,CMN,Ward,NGCC,0.326293218976146,553.375150396588
DTW-I,by-sum,CMN,NJ,NGCC,0.270785312248727,534.431446679339
DTW-I,by-sum,CMN,Single,PNCC,0.455230947913875,1096.56324366649
DTW-I,by-sum,CMN,Complete,PNCC,0.421924417046368,702.059238160099
DTW-I,by-sum,CMN,UPGMA,PNCC,0.416974895023676,783.782222909545
DTW-I,by-sum,CMN,WPGMA,PNCC,0.414205306888234,832.178209885504
DTW-I,by-sum,CMN,UPGMC,PNCC,0.531635843830966,1386.57033521109
DTW-I,by-sum,CMN,WPGMC,PNCC,0.584642187081212,1299.04050613359
DTW-I,by-sum,CMN,Ward,PNCC,0.420494952202269,678.772830010413
DTW-I,by-sum,CMN,NJ,PNCC,0.258715268471366,392.039470091046
DTW-I,by-sum,CMN,Single,PSRCC,0.713544179397838,1555.17074519821
DTW-I,by-sum,CMN,Complete,PSRCC,0.666112749039578,1245.70970468699
DTW-I,by-sum,CMN,UPGMA,PSRCC,0.71458054140981,1555.17074519821
DTW-I,by-sum,CMN,WPGMA,PSRCC,0.699615831323148,1397.26707461686
DTW-I,by-sum,CMN,UPGMC,PSRCC,0.71349950862146,1555.17074519821
DTW-I,by-sum,CMN,WPGMC,PSRCC,0.715929598856428,1555.17074519821
DTW-I,by-sum,CMN,Ward,PSRCC,0.653149289734656,1208.16296751543
DTW-I,by-sum,CMN,NJ,PSRCC,0.615768784061467,1001.69687015421
DTW-I,by-sum,CMN,Single,RPLP,0.535995711605468,1270.80471829202
DTW-I,by-sum,CMN,Complete,RPLP,0.429009202179934,685.236413238566
DTW-I,by-sum,CMN,UPGMA,RPLP,0.344116858751005,838.26517138925
DTW-I,by-sum,CMN,WPGMA,RPLP,0.356276244081122,848.807133730187
DTW-I,by-sum,CMN,UPGMC,RPLP,0.567184847672653,1522.62154959976
DTW-I,by-sum,CMN,WPGMC,RPLP,0.634030197444832,1420.96289981221
DTW-I,by-sum,CMN,Ward,RPLP,0.438425801840436,681.445919161737
DTW-I,by-sum,CMN,NJ,RPLP,0.341275797373358,538.539710298222
DTW-I,by-sum,CMVN,Single,BFCC,0.660010720986331,1503.19257224718
DTW-I,by-sum,CMVN,Complete,BFCC,0.490333243991781,873.923806453212
DTW-I,by-sum,CMVN,UPGMA,BFCC,0.540730813901546,1042.13590852626
DTW-I,by-sum,CMVN,WPGMA,BFCC,0.459153042079871,999.053416882994
DTW-I,by-sum,CMVN,UPGMC,BFCC,0.637800410971143,1555.17074519821
DTW-I,by-sum,CMVN,WPGMC,BFCC,0.674805682122755,1516.90933087714
DTW-I,by-sum,CMVN,Ward,BFCC,0.460636111855624,905.457576645115
DTW-I,by-sum,CMVN,NJ,BFCC,0.276369159295989,595.871345054192
DTW-I,by-sum,CMVN,Single,CQCC,0.687536853390512,1537.88135966188
DTW-I,by-sum,CMVN,Complete,CQCC,0.457214330385062,864.024722360555
DTW-I,by-sum,CMVN,UPGMA,CQCC,0.589564906638077,1094.08813878015
DTW-I,by-sum,CMVN,WPGMA,CQCC,0.536245867953185,886.651164558602
DTW-I,by-sum,CMVN,UPGMC,CQCC,0.646314660948807,1555.17074519821
DTW-I,by-sum,CMVN,WPGMC,CQCC,0.662530152774055,1555.17074519821
DTW-I,by-sum,CMVN,Ward,CQCC,0.441749307602966,864.777621951116
DTW-I,by-sum,CMVN,NJ,CQCC,0.316412043241312,529.413789090771
DTW-I,by-sum,CMVN,Single,GFCC,0.632386312874118,1267.60192595511
DTW-I,by-sum,CMVN,Complete,GFCC,0.436844456356651,756.975569587928
DTW-I,by-sum,CMVN,UPGMA,GFCC,0.514249977664612,954.551677081315
DTW-I,by-sum,CMVN,WPGMA,GFCC,0.446439739122666,853.750735486573
DTW-I,by-sum,CMVN,UPGMC,GFCC,0.617171446439739,1533.19953562191
DTW-I,by-sum,CMVN,WPGMC,GFCC,0.66396855177343,1439.88098161703
DTW-I,by-sum,CMVN,Ward,GFCC,0.437854015902796,735.188524466783
DTW-I,by-sum,CMVN,NJ,GFCC,0.290306441525954,626.553956761438
DTW-I,by-sum,CMVN,Single,IMFCC,0.67826320021442,1537.88135966188
DTW-I,by-sum,CMVN,Complete,IMFCC,0.430653086750648,909.316877930391
DTW-I,by-sum,CMVN,UPGMA,IMFCC,0.574314303582596,1143.35534326226
DTW-I,by-sum,CMVN,WPGMA,IMFCC,0.494058786741714,951.741807955156
DTW-I,by-sum,CMVN,UPGMC,IMFCC,0.642338961851157,1542.56318370185
DTW-I,by-sum,CMVN,WPGMC,IMFCC,0.617698561601001,1542.56318370185
DTW-I,by-sum,CMVN,Ward,IMFCC,0.443643348521397,874.554029905195
DTW-I,by-sum,CMVN,NJ,IMFCC,0.271875279192352,538.925987864579
DTW-I,by-sum,CMVN,Single,LFCC,0.653908692933083,1512.00325948997
DTW-I,by-sum,CMVN,Complete,LFCC,0.431573304744036,993.624659285211
DTW-I,by-sum,CMVN,UPGMA,LFCC,0.511927097292951,934.331809351965
DTW-I,by-sum,CMVN,WPGMA,LFCC,0.471321361565264,893.747318058289
DTW-I,by-sum,CMVN,UPGMC,LFCC,0.624166890020549,1533.19953562191
DTW-I,by-sum,CMVN,WPGMC,LFCC,0.652747252747253,1449.20198273758
DTW-I,by-sum,CMVN,Ward,LFCC,0.453229697132136,815.859502183284
DTW-I,by-sum,CMVN,NJ,LFCC,0.303779147681587,546.762575793005
DTW-I,by-sum,CMVN,Single,logFBank,0.540087554721701,1250.99402895907
DTW-I,by-sum,CMVN,Complete,logFBank,0.375743768426695,722.527869825577
DTW-I,by-sum,CMVN,UPGMA,logFBank,0.398713481640311,840.780040934359
DTW-I,by-sum,CMVN,WPGMA,logFBank,0.365916197623515,745.725581521163
DTW-I,by-sum,CMVN,UPGMC,logFBank,0.560305548110426,1490.02793114
DTW-I,by-sum,CMVN,WPGMC,logFBank,0.557107120521755,1323.20872607705
DTW-I,by-sum,CMVN,Ward,logFBank,0.451362458679532,699.060307022896
DTW-I,by-sum,CMVN,NJ,logFBank,0.26245867953185,410.039497679528
DTW-I,by-sum,CMVN,Single,LPCC,0.464031090860359,1196.52899071926
DTW-I,by-sum,CMVN,Complete,LPCC,0.40931832395247,685.202886033229
DTW-I,by-sum,CMVN,UPGMA,LPCC,0.415572232645403,901.873989821905
DTW-I,by-sum,CMVN,WPGMA,LPCC,0.405020995264898,817.905528796084
DTW-I,by-sum,CMVN,UPGMC,LPCC,0.532234432234432,1463.68496110674
DTW-I,by-sum,CMVN,WPGMC,LPCC,0.564165103189493,1390.34458689246
DTW-I,by-sum,CMVN,Ward,LPCC,0.422219244170464,734.77233811623
DTW-I,by-sum,CMVN,NJ,LPCC,0.328580362726704,586.24118530969
DTW-I,by-sum,CMVN,Single,MFCC,0.662690967569016,1470.94219148421
DTW-I,by-sum,CMVN,Complete,MFCC,0.461172161172161,880.703466339633
DTW-I,by-sum,CMVN,UPGMA,MFCC,0.519396051103368,947.070287713164
DTW-I,by-sum,CMVN,WPGMA,MFCC,0.533342267488609,877.235149517376
DTW-I,by-sum,CMVN,UPGMC,MFCC,0.62245153220763,1533.19953562191
DTW-I,by-sum,CMVN,WPGMC,MFCC,0.642124542124542,1488.04277852711
DTW-I,by-sum,CMVN,Ward,MFCC,0.442839274546592,742.928551890197
DTW-I,by-sum,CMVN,NJ,MFCC,0.272706155632985,530.071058308735
DTW-I,by-sum,CMVN,Single,MSRCC,0.652782989368355,1537.88135966188
DTW-I,by-sum,CMVN,Complete,MSRCC,0.559358527651211,884.897200105548
DTW-I,by-sum,CMVN,UPGMA,MSRCC,0.534146341463415,988.68829484494
DTW-I,by-sum,CMVN,WPGMA,MSRCC,0.481470561958367,812.978566555841
DTW-I,by-sum,CMVN,UPGMC,MSRCC,0.621173948003216,1555.17074519821
DTW-I,by-sum,CMVN,WPGMC,MSRCC,0.625417671759135,1509.36245684919
DTW-I,by-sum,CMVN,Ward,MSRCC,0.455883141248995,842.698670924164
DTW-I,by-sum,CMVN,NJ,MSRCC,0.305387295631198,502.596996928365
DTW-I,by-sum,CMVN,Single,NGCC,0.65732154024837,1472.0421853562
DTW-I,by-sum,CMVN,Complete,NGCC,0.429205753595997,852.525805608747
DTW-I,by-sum,CMVN,UPGMA,NGCC,0.520789779326365,936.367441278917
DTW-I,by-sum,CMVN,WPGMA,NGCC,0.491021173948003,893.992185082558
DTW-I,by-sum,CMVN,UPGMC,NGCC,0.625676762262128,1533.19953562191
DTW-I,by-sum,CMVN,WPGMC,NGCC,0.61105155007594,1407.67123581134
DTW-I,by-sum,CMVN,Ward,NGCC,0.456535334584115,856.107360129119
DTW-I,by-sum,CMVN,NJ,NGCC,0.275189850799607,532.127346358569
DTW-I,by-sum,CMVN,Single,PNCC,0.656803359242384,1420.29242827644
DTW-I,by-sum,CMVN,Complete,PNCC,0.49198606271777,851.614229929215
DTW-I,by-sum,CMVN,UPGMA,PNCC,0.510292146877513,940.832453929818
DTW-I,by-sum,CMVN,WPGMA,PNCC,0.462530152774055,841.432300915372
DTW-I,by-sum,CMVN,UPGMC,PNCC,0.6,1533.19953562191
DTW-I,by-sum,CMVN,WPGMC,PNCC,0.65638345394443,1456.82720428734
DTW-I,by-sum,CMVN,Ward,PNCC,0.451210578039846,810.283748486416
DTW-I,by-sum,CMVN,NJ,PNCC,0.28295363173412,489.113265235429
DTW-I,by-sum,CMVN,Single,PSRCC,0.728258733136782,1555.17074519821
DTW-I,by-sum,CMVN,Complete,PSRCC,0.704056106495131,1299.07671534823
DTW-I,by-sum,CMVN,UPGMA,PSRCC,0.724890556597874,1555.17074519821
DTW-I,by-sum,CMVN,WPGMA,PSRCC,0.702635575806308,1338.3763231435
DTW-I,by-sum,CMVN,UPGMC,PSRCC,0.724890556597874,1555.17074519821
DTW-I,by-sum,CMVN,WPGMC,PSRCC,0.728053247565443,1555.17074519821
DTW-I,by-sum,CMVN,Ward,PSRCC,0.673456624676137,1183.00201547108
DTW-I,by-sum,CMVN,NJ,PSRCC,0.583570088448137,1048.47001001818
DTW-I,by-sum,CMVN,Single,RPLP,0.695121951219512,1533.97446906627
DTW-I,by-sum,CMVN,Complete,RPLP,0.531180201911909,950.284238531044
DTW-I,by-sum,CMVN,UPGMA,RPLP,0.633163584383097,1272.39486974817
DTW-I,by-sum,CMVN,WPGMA,RPLP,0.550817475207719,958.632926971426
DTW-I,by-sum,CMVN,UPGMC,RPLP,0.661547395693737,1542.56318370185
DTW-I,by-sum,CMVN,WPGMC,RPLP,0.667363530778165,1542.56318370185
DTW-I,by-sum,CMVN,Ward,RPLP,0.559144107924596,1020.7140604554
DTW-I,by-sum,CMVN,NJ,RPLP,0.287313499508621,615.050296244164
DTW-I,by-sum,MMN,Single,BFCC,0.605860805860806,1320.15277534836
DTW-I,by-sum,MMN,Complete,BFCC,0.46945412311266,834.332505058373
DTW-I,by-sum,MMN,UPGMA,BFCC,0.530108103278835,1021.70733173709
DTW-I,by-sum,MMN,WPGMA,BFCC,0.463575448941303,889.283373293486
DTW-I,by-sum,MMN,UPGMC,BFCC,0.634521575984991,1555.17074519821
DTW-I,by-sum,MMN,WPGMC,BFCC,0.63248458858215,1418.20372558115
DTW-I,by-sum,MMN,Ward,BFCC,0.485267577950505,838.507165148199
DTW-I,by-sum,MMN,NJ,BFCC,0.278665237201823,506.503044426782
DTW-I,by-sum,MMN,Single,CQCC,0.51869918699187,1159.60600759085
DTW-I,by-sum,MMN,Complete,CQCC,0.45711605467703,725.585576791126
DTW-I,by-sum,MMN,UPGMA,CQCC,0.436469221835075,879.029739931531
DTW-I,by-sum,MMN,WPGMA,CQCC,0.367184847672653,818.825478975798
DTW-I,by-sum,MMN,UPGMC,CQCC,0.583820244795855,1449.86980734085
DTW-I,by-sum,MMN,WPGMC,CQCC,0.553917627088359,1348.35915325834
DTW-I,by-sum,MMN,Ward,CQCC,0.449745376574645,699.669355209817
DTW-I,by-sum,MMN,NJ,CQCC,0.265362279996426,406.876514206837
DTW-I,by-sum,MMN,Single,GFCC,0.719083355668722,1431.81145043982
DTW-I,by-sum,MMN,Complete,GFCC,0.479951755561512,884.173513384123
DTW-I,by-sum,MMN,UPGMA,GFCC,0.648280175109443,1053.11736591602
DTW-I,by-sum,MMN,WPGMA,GFCC,0.43603144822657,957.805738744897
DTW-I,by-sum,MMN,UPGMC,GFCC,0.727624408112213,1504.36991911694
DTW-I,by-sum,MMN,WPGMC,GFCC,0.680228714375056,1319.64089876907
DTW-I,by-sum,MMN,Ward,GFCC,0.504717233985527,924.893571126057
DTW-I,by-sum,MMN,NJ,GFCC,0.338238184579648,655.720884094994
DTW-I,by-sum,MMN,Single,IMFCC,0.530152774055213,1141.95448573406
DTW-I,by-sum,MMN,Complete,IMFCC,0.34267845975163,780.22832982989
DTW-I,by-sum,MMN,UPGMA,IMFCC,0.364683284195479,694.806606250463
DTW-I,by-sum,MMN,WPGMA,IMFCC,0.308943089430894,743.259163893264
DTW-I,by-sum,MMN,UPGMC,IMFCC,0.627097292950952,1507.54568279719
DTW-I,by-sum,MMN,WPGMC,IMFCC,0.574064147234879,1290.49585506902
DTW-I,by-sum,MMN,Ward,IMFCC,0.433744304476012,740.632420341575
DTW-I,by-sum,MMN,NJ,IMFCC,0.293120700437774,571.481883361159
DTW-I,by-sum,MMN,Single,LFCC,0.460368087197356,1115.5490251549
DTW-I,by-sum,MMN,Complete,LFCC,0.415161261502725,744.112055932642
DTW-I,by-sum,MMN,UPGMA,LFCC,0.401313320825516,781.393927401995
DTW-I,by-sum,MMN,WPGMA,LFCC,0.434968283748772,778.11922797483
DTW-I,by-sum,MMN,UPGMC,LFCC,0.576110068792996,1441.99643549522
DTW-I,by-sum,MMN,WPGMC,LFCC,0.559671223085857,1260.47605265981
DTW-I,by-sum,MMN,Ward,LFCC,0.427847761994103,675.171528648259
DTW-I,by-sum,MMN,NJ,LFCC,0.271249888323059,469.968353391719
DTW-I,by-sum,MMN,Single,logFBank,0.469463057267935,1049.31544713625
DTW-I,by-sum,MMN,Complete,logFBank,0.433235057625302,754.928855759132
DTW-I,by-sum,MMN,UPGMA,logFBank,0.368265880461002,707.173566747288
DTW-I,by-sum,MMN,WPGMA,logFBank,0.372107567229518,770.310844464078
DTW-I,by-sum,MMN,UPGMC,logFBank,0.558500848744751,1439.31016972731
DTW-I,by-sum,MMN,WPGMC,logFBank,0.585598141695703,1306.6904320404
DTW-I,by-sum,MMN,Ward,logFBank,0.463235951040829,680.792653280774
DTW-I,by-sum,MMN,NJ,logFBank,0.270785312248727,532.54162959709
DTW-I,by-sum,MMN,Single,LPCC,0.494425087108014,1099.44556335782
DTW-I,by-sum,MMN,Complete,LPCC,0.303520057178594,742.438174940012
DTW-I,by-sum,MMN,UPGMA,LPCC,0.365764316983829,789.207414585329
DTW-I,by-sum,MMN,WPGMA,LPCC,0.344733315465023,775.866802376758
DTW-I,by-sum,MMN,UPGMC,LPCC,0.599213794335746,1259.03096934893
DTW-I,by-sum,MMN,WPGMC,LPCC,0.481050656660413,1105.13369620069
DTW-I,by-sum,MMN,Ward,LPCC,0.294585901902975,637.53561420681
DTW-I,by-sum,MMN,NJ,LPCC,0.28411507191995,631.957180527984
DTW-I,by-sum,MMN,Single,MFCC,0.473331546502278,1049.37648557998
DTW-I,by-sum,MMN,Complete,MFCC,0.452943804163316,717.783622955391
DTW-I,by-sum,MMN,UPGMA,MFCC,0.434780666487984,909.861029943051
DTW-I,by-sum,MMN,WPGMA,MFCC,0.422478334673457,812.396021200321
DTW-I,by-sum,MMN,UPGMC,MFCC,0.576253015277405,1441.99643549522
DTW-I,by-sum,MMN,WPGMC,MFCC,0.558420441347271,1239.81408585903
DTW-I,by-sum,MMN,Ward,MFCC,0.428330206378987,675.171528648259
DTW-I,by-sum,MMN,NJ,MFCC,0.265362279996426,408.766331289086
DTW-I,by-sum,MMN,Single,MSRCC,0.527275976056464,1107.29253931643
DTW-I,by-sum,MMN,Complete,MSRCC,0.415768784061467,720.759908530763
DTW-I,by-sum,MMN,UPGMA,MSRCC,0.49076208344501,923.036278507597
DTW-I,by-sum,MMN,WPGMA,MSRCC,0.415009380863039,757.053319586353
DTW-I,by-sum,MMN,UPGMC,MSRCC,0.585633878316805,1413.87958471427
DTW-I,by-sum,MMN,WPGMC,MSRCC,0.608085410524435,1266.62442616714
DTW-I,by-sum,MMN,Ward,MSRCC,0.409568480300188,708.449396592936
DTW-I,by-sum,MMN,NJ,MSRCC,0.281354417939784,591.906662079726
DTW-I,by-sum,MMN,Single,NGCC,0.466085946573751,1058.84232790381
DTW-I,by-sum,MMN,Complete,NGCC,0.381274010542303,686.329516602158
DTW-I,by-sum,MMN,UPGMA,NGCC,0.401545608862682,714.348569848732
DTW-I,by-sum,MMN,WPGMA,NGCC,0.387903153756812,830.029118956716
DTW-I,by-sum,MMN,UPGMC,NGCC,0.56194943268114,1336.54099649245
DTW-I,by-sum,MMN,WPGMC,NGCC,0.538157777182167,1200.33027440404
DTW-I,by-sum,MMN,Ward,NGCC,0.465835790226034,717.544183172164
DTW-I,by-sum,MMN,NJ,NGCC,0.270785312248727,530.647922632412
DTW-I,by-sum,MMN,Single,PNCC,0.442669525596355,1077.43608635411
DTW-I,by-sum,MMN,Complete,PNCC,0.417743232377379,749.690173476984
DTW-I,by-sum,MMN,UPGMA,PNCC,0.401938711694809,728.79560199066
DTW-I,by-sum,MMN,WPGMA,PNCC,0.386866791744841,728.227823020661
DTW-I,by-sum,MMN,UPGMC,PNCC,0.53833646028768,1438.91387316469
DTW-I,by-sum,MMN,WPGMC,PNCC,0.520360939873135,1218.37004967603
DTW-I,by-sum,MMN,Ward,PNCC,0.450853211828822,654.510688094388
DTW-I,by-sum,MMN,NJ,PNCC,0.264540337711069,476.901666931631
DTW-I,by-sum,MMN,Single,PSRCC,0.711810953274368,1555.17074519821
DTW-I,by-sum,MMN,Complete,PSRCC,0.66729205753596,1244.89526034014
DTW-I,by-sum,MMN,UPGMA,PSRCC,0.71458054140981,1555.17074519821
DTW-I,by-sum,MMN,WPGMA,PSRCC,0.699615831323148,1397.26707461686
DTW-I,by-sum,MMN,UPGMC,PSRCC,0.71349950862146,1555.17074519821
DTW-I,by-sum,MMN,WPGMC,PSRCC,0.715929598856428,1555.17074519821
DTW-I,by-sum,MMN,Ward,PSRCC,0.639158402573037,1191.32173938778
DTW-I,by-sum,MMN,NJ,PSRCC,0.637210756722952,999.057117138848
DTW-I,by-sum,MMN,Single,RPLP,0.511793084963817,1186.92598188974
DTW-I,by-sum,MMN,Complete,RPLP,0.360010720986331,867.640703751073
DTW-I,by-sum,MMN,UPGMA,RPLP,0.480586080586081,966.269263401721
DTW-I,by-sum,MMN,WPGMA,RPLP,0.473876529974091,912.577264902586
DTW-I,by-sum,MMN,UPGMC,RPLP,0.588349861520593,1399.73583086754
DTW-I,by-sum,MMN,WPGMC,RPLP,0.563620119717681,1256.71511032941
DTW-I,by-sum,MMN,Ward,RPLP,0.385741088180113,751.993212788304
DTW-I,by-sum,MMN,NJ,RPLP,0.367452872330921,766.946868507504
DTW-I,by-sum,MMVN,Single,BFCC,0.591396408469579,1389.71169096481
DTW-I,by-sum,MMVN,Complete,BFCC,0.457991601894041,783.023729524794
DTW-I,by-sum,MMVN,UPGMA,BFCC,0.532609666756008,985.158138022521
DTW-I,by-sum,MMVN,WPGMA,BFCC,0.460019655141606,865.464143873874
DTW-I,by-sum,MMVN,UPGMC,BFCC,0.628857321540248,1533.19953562191
DTW-I,by-sum,MMVN,WPGMC,BFCC,0.684159742696328,1405.22324497837
DTW-I,by-sum,MMVN,Ward,BFCC,0.473974805682123,827.872166749681
DTW-I,by-sum,MMVN,NJ,BFCC,0.267971053336907,457.333360147506
DTW-I,by-sum,MMVN,Single,CQCC,0.516563923880997,1125.53186615103
DTW-I,by-sum,MMVN,Complete,CQCC,0.412820512820513,746.996439193783
DTW-I,by-sum,MMVN,UPGMA,CQCC,0.449075314928973,816.93140535611
DTW-I,by-sum,MMVN,WPGMA,CQCC,0.442285356919503,782.280141143294
DTW-I,by-sum,MMVN,UPGMC,CQCC,0.573483427141964,1449.86980734085
DTW-I,by-sum,MMVN,WPGMC,CQCC,0.572464933440543,1285.43368117391
DTW-I,by-sum,MMVN,Ward,CQCC,0.452791923523631,682.878498526107
DTW-I,by-sum,MMVN,NJ,CQCC,0.264147234878942,420.737515561491
DTW-I,by-sum,MMVN,Single,GFCC,0.537693201107835,1189.78488487787
DTW-I,by-sum,MMVN,Complete,GFCC,0.391074778879657,774.552138977212
DTW-I,by-sum,MMVN,UPGMA,GFCC,0.455650853211829,795.050407349864
DTW-I,by-sum,MMVN,WPGMA,GFCC,0.332046814973644,711.224865084583
DTW-I,by-sum,MMVN,UPGMC,GFCC,0.61170374341106,1333.83029054078
DTW-I,by-sum,MMVN,WPGMC,GFCC,0.584704726168141,1193.71790443464
DTW-I,by-sum,MMVN,Ward,GFCC,0.434030197444832,772.323693023548
DTW-I,by-sum,MMVN,NJ,GFCC,0.263637988028232,509.269288953175
DTW-I,by-sum,MMVN,Single,IMFCC,0.552130796033235,1291.60155430113
DTW-I,by-sum,MMVN,Complete,IMFCC,0.413267220584294,737.351365679408
DTW-I,by-sum,MMVN,UPGMA,IMFCC,0.431787724470651,842.867792129516
DTW-I,by-sum,MMVN,WPGMA,IMFCC,0.453515590100956,858.526884679057
DTW-I,by-sum,MMVN,UPGMC,IMFCC,0.578700973822925,1533.19953562191
DTW-I,by-sum,MMVN,WPGMC,IMFCC,0.613052800857679,1350.22788815292
DTW-I,by-sum,MMVN,Ward,IMFCC,0.459733762172787,784.989094112614
DTW-I,by-sum,MMVN,NJ,IMFCC,0.275431072992049,464.949769825809
DTW-I,by-sum,MMVN,Single,LFCC,0.485651746627356,1248.12058842249
DTW-I,by-sum,MMVN,Complete,LFCC,0.440936299472885,720.738104543992
DTW-I,by-sum,MMVN,UPGMA,LFCC,0.369284374162423,725.815619558031
DTW-I,by-sum,MMVN,WPGMA,LFCC,0.393567408201555,767.898987049057
DTW-I,by-sum,MMVN,UPGMC,LFCC,0.555516840882695,1445.37890513204
DTW-I,by-sum,MMVN,WPGMC,LFCC,0.545546323595104,1237.93037114155
DTW-I,by-sum,MMVN,Ward,LFCC,0.456267309925847,710.491756206205
DTW-I,by-sum,MMVN,NJ,LFCC,0.277360850531582,490.700803618832
DTW-I,by-sum,MMVN,Single,logFBank,0.496739033324399,1137.61635217276
DTW-I,by-sum,MMVN,Complete,logFBank,0.290520861252569,600.018847696235
DTW-I,by-sum,MMVN,UPGMA,logFBank,0.386286071651925,831.208338580789
DTW-I,by-sum,MMVN,WPGMA,logFBank,0.351183775574019,701.668759975074
DTW-I,by-sum,MMVN,UPGMC,logFBank,0.546618422228178,1407.2775843274
DTW-I,by-sum,MMVN,WPGMC,logFBank,0.493808630393996,1135.90730922766
DTW-I,by-sum,MMVN,Ward,logFBank,0.328991333869383,535.767125726991
DTW-I,by-sum,MMVN,NJ,logFBank,0.268551773429822,495.620419315476
DTW-I,by-sum,MMVN,Single,LPCC,0.463789868667917,958.985025831262
DTW-I,by-sum,MMVN,Complete,LPCC,0.343187706602341,646.631123903116
DTW-I,by-sum,MMVN,UPGMA,LPCC,0.338139908871616,760.308093218126
DTW-I,by-sum,MMVN,WPGMA,LPCC,0.355963548646476,711.917445153327
DTW-I,by-sum,MMVN,UPGMC,LPCC,0.578075582953632,1275.95592406606
DTW-I,by-sum,MMVN,WPGMC,LPCC,0.540659340659341,1114.9450432919
DTW-I,by-sum,MMVN,Ward,LPCC,0.292629321897615,586.759583775177
DTW-I,by-sum,MMVN,NJ,LPCC,0.28411507191995,631.957180527984
DTW-I,by-sum,MMVN,Single,MFCC,0.473849727508264,1042.66498306286
DTW-I,by-sum,MMVN,Complete,MFCC,0.454846779237023,718.744703329438
DTW-I,by-sum,MMVN,UPGMA,MFCC,0.376601447333155,793.276403412978
DTW-I,by-sum,MMVN,WPGMA,MFCC,0.386205664254445,730.122523866301
DTW-I,by-sum,MMVN,UPGMC,MFCC,0.581479496113642,1400.22214803725
DTW-I,by-sum,MMVN,WPGMC,MFCC,0.586947199142321,1250.00649711627
DTW-I,by-sum,MMVN,Ward,MFCC,0.424881622442598,620.564216484435
DTW-I,by-sum,MMVN,NJ,MFCC,0.262646296792638,492.921015468779
DTW-I,by-sum,MMVN,Single,MSRCC,0.44802108460645,1037.31018483605
DTW-I,by-sum,MMVN,Complete,MSRCC,0.433351201643885,742.08548352063
DTW-I,by-sum,MMVN,UPGMA,MSRCC,0.420762976860538,853.303583377696
DTW-I,by-sum,MMVN,WPGMA,MSRCC,0.443464665415885,790.471706665287
DTW-I,by-sum,MMVN,UPGMC,MSRCC,0.547931743053694,1452.49266188705
DTW-I,by-sum,MMVN,WPGMC,MSRCC,0.5393549539891,1270.44993012455
DTW-I,by-sum,MMVN,Ward,MSRCC,0.456785490931832,684.844022849867
DTW-I,by-sum,MMVN,NJ,MSRCC,0.274743143035826,537.666509627813
DTW-I,by-sum,MMVN,Single,NGCC,0.4613776467435,1007.97107118934
DTW-I,by-sum,MMVN,Complete,NGCC,0.434244617171446,767.299081902893
DTW-I,by-sum,MMVN,UPGMA,NGCC,0.397435897435897,694.44716771871
DTW-I,by-sum,MMVN,WPGMA,NGCC,0.396211918163138,751.121026065415
DTW-I,by-sum,MMVN,UPGMC,NGCC,0.574350040203699,1337.48980698207
DTW-I,by-sum,MMVN,WPGMC,NGCC,0.59329044938801,1228.21850444138
DTW-I,by-sum,MMVN,Ward,NGCC,0.400991691235594,682.028458096286
DTW-I,by-sum,MMVN,NJ,NGCC,0.269570267131243,541.492440790904
DTW-I,by-sum,MMVN,Single,PNCC,0.41213258286429,961.067331477846
DTW-I,by-sum,MMVN,Complete,PNCC,0.402903600464576,709.127828214146
DTW-I,by-sum,MMVN,UPGMA,PNCC,0.397820066112749,761.43986317106
DTW-I,by-sum,MMVN,WPGMA,PNCC,0.403689806128831,708.490551569301
DTW-I,by-sum,MMVN,UPGMC,PNCC,0.51531314214241,1399.16213321704
DTW-I,by-sum,MMVN,WPGMC,PNCC,0.570240328776914,1284.14392807177
DTW-I,by-sum,MMVN,Ward,PNCC,0.443178772447065,684.504634701802
DTW-I,by-sum,MMVN,NJ,PNCC,0.264540337711069,475.282035335072
DTW-I,by-sum,MMVN,Single,PSRCC,0.711810953274368,1555.17074519821
DTW-I,by-sum,MMVN,Complete,PSRCC,0.66729205753596,1244.89526034014
DTW-I,by-sum,MMVN,UPGMA,PSRCC,0.71458054140981,1555.17074519821
DTW-I,by-sum,MMVN,WPGMA,PSRCC,0.699615831323148,1397.26707461686
DTW-I,by-sum,MMVN,UPGMC,PSRCC,0.71458054140981,1555.17074519821
DTW-I,by-sum,MMVN,WPGMC,PSRCC,0.715929598856428,1555.17074519821
DTW-I,by-sum,MMVN,Ward,PSRCC,0.639649781113196,1176.01007293856
DTW-I,by-sum,MMVN,NJ,PSRCC,0.571383900652193,988.441928253936
DTW-I,by-sum,MMVN,Single,RPLP,0.543652282676673,1272.48752811614
DTW-I,by-sum,MMVN,Complete,RPLP,0.432949164656482,693.61599310952
DTW-I,by-sum,MMVN,UPGMA,RPLP,0.342794603770214,812.38707121734
DTW-I,by-sum,MMVN,WPGMA,RPLP,0.458554453676405,854.604171305211
DTW-I,by-sum,MMVN,UPGMC,RPLP,0.575216653265434,1524.60670221265
DTW-I,by-sum,MMVN,WPGMC,RPLP,0.641597426963281,1436.84097468022
DTW-I,by-sum,MMVN,Ward,RPLP,0.448181899401412,732.816021278959
DTW-I,by-sum,MMVN,NJ,RPLP,0.342866077012419,531.542278116326
DTW-I,by-sum,none,Single,BFCC,0.60122397927276,1317.78712587605
DTW-I,by-sum,none,Complete,BFCC,0.484293755025462,856.458227633309
DTW-I,by-sum,none,UPGMA,BFCC,0.515813454837845,1009.51415967626
DTW-I,by-sum,none,WPGMA,BFCC,0.455132672205843,841.927145333937
DTW-I,by-sum,none,UPGMC,BFCC,0.633351201643885,1555.17074519821
DTW-I,by-sum,none,WPGMC,BFCC,0.664826230679889,1403.54351877003
DTW-I,by-sum,none,Ward,BFCC,0.513329759671223,887.711504170879
DTW-I,by-sum,none,NJ,BFCC,0.278790315375681,491.11199562012
DTW-I,by-sum,none,Single,CQCC,0.498034485839364,1116.31191785148
DTW-I,by-sum,none,Complete,CQCC,0.461091753774681,777.835909727556
DTW-I,by-sum,none,UPGMA,CQCC,0.435146966854284,901.268196533799
DTW-I,by-sum,none,WPGMA,CQCC,0.452023586169928,824.593817726732
DTW-I,by-sum,none,UPGMC,CQCC,0.583105512373805,1449.86980734085
DTW-I,by-sum,none,WPGMC,CQCC,0.553917627088359,1348.35915325834
DTW-I,by-sum,none,Ward,CQCC,0.455043330653087,727.539255022393
DTW-I,by-sum,none,NJ,CQCC,0.265362279996426,406.876514206837
DTW-I,by-sum,none,Single,GFCC,0.719083355668722,1431.81145043982
DTW-I,by-sum,none,Complete,GFCC,0.482444384883409,893.329710631359
DTW-I,by-sum,none,UPGMA,GFCC,0.648280175109443,1053.11736591602
DTW-I,by-sum,none,WPGMA,GFCC,0.43603144822657,957.805738744897
DTW-I,by-sum,none,UPGMC,GFCC,0.727660144733315,1504.36991911694
DTW-I,by-sum,none,WPGMC,GFCC,0.680380595014741,1319.64089876907
DTW-I,by-sum,none,Ward,GFCC,0.504717233985527,924.893571126057
DTW-I,by-sum,none,NJ,GFCC,0.338238184579648,655.720884094994
DTW-I,by-sum,none,Single,IMFCC,0.529768605378361,1149.24384596649
DTW-I,by-sum,none,Complete,IMFCC,0.385732154024837,772.123223501103
DTW-I,by-sum,none,UPGMA,IMFCC,0.369123559367462,783.441206356596
DTW-I,by-sum,none,WPGMA,IMFCC,0.303439649781113,697.516271847532
DTW-I,by-sum,none,UPGMC,IMFCC,0.618627713749665,1509.22849262131
DTW-I,by-sum,none,WPGMC,IMFCC,0.542946484409899,1282.67793391136
DTW-I,by-sum,none,Ward,IMFCC,0.406450460108997,718.374352669678
DTW-I,by-sum,none,NJ,IMFCC,0.292441704636827,549.510673784857
DTW-I,by-sum,none,Single,LFCC,0.45993031358885,1121.31777163254
DTW-I,by-sum,none,Complete,LFCC,0.411739480032163,722.493634231039
DTW-I,by-sum,none,UPGMA,LFCC,0.384722594478692,801.576487491993
DTW-I,by-sum,none,WPGMA,LFCC,0.457357276869472,772.993164108788
DTW-I,by-sum,none,UPGMC,LFCC,0.575797373358349,1441.99643549522
DTW-I,by-sum,none,WPGMC,LFCC,0.559492539980345,1273.08361415617
DTW-I,by-sum,none,Ward,LFCC,0.451701956580005,675.834536601015
DTW-I,by-sum,none,NJ,LFCC,0.271249888323059,469.095588580015
DTW-I,by-sum,none,Single,logFBank,0.469034217814706,1045.17685780663
DTW-I,by-sum,none,Complete,logFBank,0.408978826051997,720.365115856772
DTW-I,by-sum,none,UPGMA,logFBank,0.392995622263915,733.952677706075
DTW-I,by-sum,none,WPGMA,logFBank,0.35984990619137,659.814456759216
DTW-I,by-sum,none,UPGMC,logFBank,0.575055838470473,1449.86980734085
DTW-I,by-sum,none,WPGMC,logFBank,0.594416152952738,1300.48988624215
DTW-I,by-sum,none,Ward,logFBank,0.357607433217189,661.60370284964
DTW-I,by-sum,none,NJ,logFBank,0.27516304833378,530.332119966163
DTW-I,by-sum,none,Single,LPCC,0.462387206289645,979.932254862151
DTW-I,by-sum,none,Complete,LPCC,0.324166890020549,739.601527581171
DTW-I,by-sum,none,UPGMA,LPCC,0.361886893594211,765.059990791115
DTW-I,by-sum,none,WPGMA,LPCC,0.341972661484857,742.699341972417
DTW-I,by-sum,none,UPGMC,LPCC,0.52614133833646,1167.29746732282
DTW-I,by-sum,none,WPGMC,LPCC,0.455936746180649,1087.25610413274
DTW-I,by-sum,none,Ward,LPCC,0.296426337889753,641.554461067582
DTW-I,by-sum,none,NJ,LPCC,0.284838738497275,607.801104716668
DTW-I,by-sum,none,Single,MFCC,0.478763512909854,1099.3591864918
DTW-I,by-sum,none,Complete,MFCC,0.408800142946484,723.020518758248
DTW-I,by-sum,none,UPGMA,MFCC,0.405985884034665,838.948458360647
DTW-I,by-sum,none,WPGMA,MFCC,0.450987224157956,820.729866456943
DTW-I,by-sum,none,UPGMC,MFCC,0.57928169391584,1441.99643549522
DTW-I,by-sum,none,WPGMC,MFCC,0.557946931117663,1239.81408585903
DTW-I,by-sum,none,Ward,MFCC,0.429321897614581,696.367804780196
DTW-I,by-sum,none,NJ,MFCC,0.273751451800232,525.203142873403
DTW-I,by-sum,none,Single,MSRCC,0.544661842222818,1227.79782582742
DTW-I,by-sum,none,Complete,MSRCC,0.413919413919414,744.531325734405
DTW-I,by-sum,none,UPGMA,MSRCC,0.449325471276691,862.283048451388
DTW-I,by-sum,none,WPGMA,MSRCC,0.380469936567498,798.460173701739
DTW-I,by-sum,none,UPGMC,MSRCC,0.584972750826409,1457.86563354302
DTW-I,by-sum,none,WPGMC,MSRCC,0.6122755293487,1310.27252430949
DTW-I,by-sum,none,Ward,MSRCC,0.38491021173948,704.969892757761
DTW-I,by-sum,none,NJ,MSRCC,0.280255516840883,637.862467217725
DTW-I,by-sum,none,Single,NGCC,0.470052711516126,1045.78156743063
DTW-I,by-sum,none,Complete,NGCC,0.304904851246315,658.941079534788
DTW-I,by-sum,none,UPGMA,NGCC,0.382042347896006,760.505723366128
DTW-I,by-sum,none,WPGMA,NGCC,0.372357723577236,802.111753730028
DTW-I,by-sum,none,UPGMC,NGCC,0.561708210488698,1336.54099649245
DTW-I,by-sum,none,WPGMC,NGCC,0.557929062807112,1213.76134358487
DTW-I,by-sum,none,Ward,NGCC,0.399169123559367,665.490619986302
DTW-I,by-sum,none,NJ,NGCC,0.263861341910122,453.31082575877
DTW-I,by-sum,none,Single,PNCC,0.464236576431698,1136.45770033012
DTW-I,by-sum,none,Complete,PNCC,0.391253461985169,786.414897404153
DTW-I,by-sum,none,UPGMA,PNCC,0.399294201733226,823.655988946501
DTW-I,by-sum,none,WPGMA,PNCC,0.386411149825784,739.234922264309
DTW-I,by-sum,none,UPGMC,PNCC,0.531251675154114,1456.5139723933
DTW-I,by-sum,none,WPGMC,PNCC,0.576655052264808,1225.96601202378
DTW-I,by-sum,none,Ward,PNCC,0.438899312070044,702.263874634964
DTW-I,by-sum,none,NJ,PNCC,0.264540337711069,471.134079705098
DTW-I,by-sum,none,Single,PSRCC,0.713615652640043,1555.17074519821
DTW-I,by-sum,none,Complete,PSRCC,0.696739033324399,1226.70179876041
DTW-I,by-sum,none,UPGMA,PSRCC,0.71451800232288,1555.17074519821
DTW-I,by-sum,none,WPGMA,PSRCC,0.699615831323148,1397.26707461686
DTW-I,by-sum,none,UPGMC,PSRCC,0.71451800232288,1555.17074519821
DTW-I,by-sum,none,WPGMC,PSRCC,0.715929598856428,1555.17074519821
DTW-I,by-sum,none,Ward,PSRCC,0.652657911194497,1214.52525927031
DTW-I,by-sum,none,NJ,PSRCC,0.653077816492451,1013.7807953007
DTW-I,by-sum,none,Single,RPLP,0.490771017600286,1176.44260320626
DTW-I,by-sum,none,Complete,RPLP,0.327767354596623,628.90762176615
DTW-I,by-sum,none,UPGMA,RPLP,0.384445635665148,839.758338708147
DTW-I,by-sum,none,WPGMA,RPLP,0.39488072902707,698.180166643817
DTW-I,by-sum,none,UPGMC,RPLP,0.567309925846511,1475.93882934393
DTW-I,by-sum,none,WPGMC,RPLP,0.543419994639507,1324.01774654623
DTW-I,by-sum,none,Ward,RPLP,0.389895470383275,652.540083799939
DTW-I,by-sum,none,NJ,RPLP,0.313222549807916,617.617716438681
DTW-I,none,CMN,Single,BFCC,0.445439113731797,1040.31646553438
DTW-I,none,CMN,Complete,BFCC,0.37379612257661,694.083847446235
DTW-I,none,CMN,UPGMA,BFCC,0.386670240328777,713.266393571889
DTW-I,none,CMN,WPGMA,BFCC,0.354480478870723,671.259040810688
DTW-I,none,CMN,UPGMC,BFCC,0.637085678549093,1463.11211880957
DTW-I,none,CMN,WPGMC,BFCC,0.654337532386313,1466.28525426027
DTW-I,none,CMN,Ward,BFCC,0.345197891539355,529.256444807652
DTW-I,none,CMN,NJ,BFCC,0.273009916912356,525.255979060266
DTW-I,none,CMN,Single,CQCC,0.372018225676762,873.262359880005
DTW-I,none,CMN,Complete,CQCC,0.370874653801483,628.764258939691
DTW-I,none,CMN,UPGMA,CQCC,0.374010542303225,718.381212286644
DTW-I,none,CMN,WPGMA,CQCC,0.407254534083802,724.37063172982
DTW-I,none,CMN,UPGMC,CQCC,0.639676583579023,1425.22418625451
DTW-I,none,CMN,WPGMC,CQCC,0.611462521218619,1247.83610804434
DTW-I,none,CMN,Ward,CQCC,0.345180023228804,526.890795335335
DTW-I,none,CMN,NJ,CQCC,0.271777003484321,555.627722811276
DTW-I,none,CMN,Single,GFCC,0.601742160278746,1312.23004464913
DTW-I,none,CMN,Complete,GFCC,0.421540248369517,896.509881453703
DTW-I,none,CMN,UPGMA,GFCC,0.511230233181453,1083.18856202851
DTW-I,none,CMN,WPGMA,GFCC,0.486884660055392,1011.33663769517
DTW-I,none,CMN,UPGMC,GFCC,0.726561243634414,1510.22767341287
DTW-I,none,CMN,WPGMC,GFCC,0.678692039667649,1309.46944272434
DTW-I,none,CMN,Ward,GFCC,0.472911641204324,870.143769648838
DTW-I,none,CMN,NJ,GFCC,0.327633342267489,700.304365779962
DTW-I,none,CMN,Single,IMFCC,0.386554096310194,898.892884785007
DTW-I,none,CMN,Complete,IMFCC,0.340793352988475,598.670888870653
DTW-I,none,CMN,UPGMA,IMFCC,0.354319664075762,656.985408264768
DTW-I,none,CMN,WPGMA,IMFCC,0.373456624676137,743.309979919404
DTW-I,none,CMN,UPGMC,IMFCC,0.629545251496471,1466.28525426027
DTW-I,none,CMN,WPGMC,IMFCC,0.576735459662289,1200.58867591831
DTW-I,none,CMN,Ward,IMFCC,0.34396497811132,546.85654403626
DTW-I,none,CMN,NJ,IMFCC,0.33293129634593,609.683399077038
DTW-I,none,CMN,Single,LFCC,0.382623067988922,860.174371334147
DTW-I,none,CMN,Complete,LFCC,0.341901188242652,561.916550763238
DTW-I,none,CMN,UPGMA,LFCC,0.378397212543554,611.73251003786
DTW-I,none,CMN,WPGMA,LFCC,0.351567944250871,667.324565360561
DTW-I,none,CMN,UPGMC,LFCC,0.620110783525418,1374.77319519513
DTW-I,none,CMN,WPGMC,LFCC,0.602358616992763,1240.71419099542
DTW-I,none,CMN,Ward,LFCC,0.344402751719825,511.939788944868
DTW-I,none,CMN,NJ,LFCC,0.272598945769677,516.864617418518
DTW-I,none,CMN,Single,logFBank,0.424068614312517,953.6810099789
DTW-I,none,CMN,Complete,logFBank,0.365594568033592,627.98606295047
DTW-I,none,CMN,UPGMA,logFBank,0.39602430090235,857.894485526736
DTW-I,none,CMN,WPGMA,logFBank,0.353015277405521,719.875595282127
DTW-I,none,CMN,UPGMC,logFBank,0.613955150540516,1367.52652685539
DTW-I,none,CMN,WPGMC,logFBank,0.613186813186813,1338.87837389088
DTW-I,none,CMN,Ward,logFBank,0.345644599303136,500.076942547082
DTW-I,none,CMN,NJ,logFBank,0.297811131957473,549.081517281087
DTW-I,none,CMN,Single,LPCC,0.378852854462611,960.700321899528
DTW-I,none,CMN,Complete,LPCC,0.292048601804699,693.527521920137
DTW-I,none,CMN,UPGMA,LPCC,0.342017332261235,830.820571511513
DTW-I,none,CMN,WPGMA,LPCC,0.316492450638792,759.460554136777
DTW-I,none,CMN,UPGMC,LPCC,0.571482176360225,1125.15817750527
DTW-I,none,CMN,WPGMC,LPCC,0.496631823461092,1046.80207677607
DTW-I,none,CMN,Ward,LPCC,0.296551416063611,574.473436237074
DTW-I,none,CMN,NJ,LPCC,0.279692665058519,585.69985635964
DTW-I,none,CMN,Single,MFCC,0.378004109711427,858.669535502231
DTW-I,none,CMN,Complete,MFCC,0.338256052890199,515.246294333418
DTW-I,none,CMN,UPGMA,MFCC,0.358822478334673,643.814654504594
DTW-I,none,CMN,WPGMA,MFCC,0.353747878138122,649.918446866317
DTW-I,none,CMN,UPGMC,MFCC,0.636558563387832,1375.74622814753
DTW-I,none,CMN,WPGMC,MFCC,0.5978379344233,1198.45707609095
DTW-I,none,CMN,Ward,MFCC,0.344170463682659,501.012695163425
DTW-I,none,CMN,NJ,MFCC,0.269275440007147,518.083123264941
DTW-I,none,CMN,Single,MSRCC,0.50173322612347,1037.8901898039
DTW-I,none,CMN,Complete,MSRCC,0.429152148664344,897.519358840162
DTW-I,none,CMN,UPGMA,MSRCC,0.438345394442955,868.743485765629
DTW-I,none,CMN,WPGMA,MSRCC,0.398016617528813,845.434881070915
DTW-I,none,CMN,UPGMC,MSRCC,0.622210310015188,1426.53351431262
DTW-I,none,CMN,WPGMC,MSRCC,0.638863575448941,1352.92809417026
DTW-I,none,CMN,Ward,MSRCC,0.355909943714822,573.029419022838
DTW-I,none,CMN,NJ,MSRCC,0.300964888769767,551.4644529793
DTW-I,none,CMN,Single,NGCC,0.38476726525507,767.016545021649
DTW-I,none,CMN,Complete,NGCC,0.340114357187528,513.424054813157
DTW-I,none,CMN,UPGMA,NGCC,0.35732154024837,666.604427201409
DTW-I,none,CMN,WPGMA,NGCC,0.377637809345126,586.304131431779
DTW-I,none,CMN,UPGMC,NGCC,0.610837130349326,1337.74153608787
DTW-I,none,CMN,WPGMC,NGCC,0.593906906102028,1236.17092317587
DTW-I,none,CMN,Ward,NGCC,0.328178325739301,415.466596428818
DTW-I,none,CMN,NJ,NGCC,0.263450370767444,432.325350012241
DTW-I,none,CMN,Single,PNCC,0.366970427946038,777.302545477215
DTW-I,none,CMN,Complete,PNCC,0.367569016349504,541.330079778039
DTW-I,none,CMN,UPGMA,PNCC,0.365666041275797,603.997462104521
DTW-I,none,CMN,WPGMA,PNCC,0.331314214241044,656.052243795589
DTW-I,none,CMN,UPGMC,PNCC,0.619404985258644,1337.74153608787
DTW-I,none,CMN,WPGMC,PNCC,0.583185919771286,1200.86641221777
DTW-I,none,CMN,Ward,PNCC,0.388582149557759,470.831718153545
DTW-I,none,CMN,NJ,PNCC,0.265138926114536,427.169613893617
DTW-I,none,CMN,Single,PSRCC,0.739748056821228,1511.23395349669
DTW-I,none,CMN,Complete,PSRCC,0.707084785133566,1114.78240533624
DTW-I,none,CMN,UPGMA,PSRCC,0.729036004645761,1412.71199324347
DTW-I,none,CMN,WPGMA,PSRCC,0.727526132404181,1270.48191607599
DTW-I,none,CMN,UPGMC,PSRCC,0.738372196908782,1533.19953562191
DTW-I,none,CMN,WPGMC,PSRCC,0.735138032699008,1533.19953562191
DTW-I,none,CMN,Ward,PSRCC,0.55336370946127,1138.64420149236
DTW-I,none,CMN,NJ,PSRCC,0.597766461181095,976.593258292349
DTW-I,none,CMN,Single,RPLP,0.489761458054141,1069.73096407451
DTW-I,none,CMN,Complete,RPLP,0.381363352095059,671.900628412303
DTW-I,none,CMN,UPGMA,RPLP,0.383981059590816,682.141660444101
DTW-I,none,CMN,WPGMA,RPLP,0.440176896274457,782.52155459796
DTW-I,none,CMN,UPGMC,RPLP,0.65956401322255,1470.25168611803
DTW-I,none,CMN,WPGMC,RPLP,0.642696328062182,1347.62719851603
DTW-I,none,CMN,Ward,RPLP,0.342875011167694,500.669444118343
DTW-I,none,CMN,NJ,RPLP,0.338014830697758,512.328028912721
DTW-I,none,CMVN,Single,BFCC,0.406539801661753,898.614546541764
DTW-I,none,CMVN,Complete,BFCC,0.385732154024837,684.106808824686
DTW-I,none,CMVN,UPGMA,BFCC,0.401277584204413,806.419496547293
DTW-I,none,CMVN,WPGMA,BFCC,0.387420709371929,699.212406263512
DTW-I,none,CMVN,UPGMC,BFCC,0.592531046189583,1469.28426847613
DTW-I,none,CMVN,WPGMC,BFCC,0.647726257482355,1496.62093112496
DTW-I,none,CMVN,Ward,BFCC,0.344706512999196,517.665703475803
DTW-I,none,CMVN,NJ,BFCC,0.281408022871438,576.05830258003
DTW-I,none,CMVN,Single,CQCC,0.404306262842848,849.733726093285
DTW-I,none,CMVN,Complete,CQCC,0.365862592691861,672.162747379886
DTW-I,none,CMVN,UPGMA,CQCC,0.360046457607433,684.819903792072
DTW-I,none,CMVN,WPGMA,CQCC,0.385392656124363,749.911433250948
DTW-I,none,CMVN,UPGMC,CQCC,0.58317698561601,1469.28426847613
DTW-I,none,CMVN,WPGMC,CQCC,0.609631019387117,1496.62093112496
DTW-I,none,CMVN,Ward,CQCC,0.394773519163763,586.510537899162
DTW-I,none,CMVN,NJ,CQCC,0.365639238809971,669.682036261481
DTW-I,none,CMVN,Single,GFCC,0.432654337532386,894.282351279907
DTW-I,none,CMVN,Complete,GFCC,0.421772536406683,758.93019105156
DTW-I,none,CMVN,UPGMA,GFCC,0.392816939158403,873.091987943633
DTW-I,none,CMVN,WPGMA,GFCC,0.417376932011078,847.579091791129
DTW-I,none,CMVN,UPGMC,GFCC,0.628598231037255,1494.93812130084
DTW-I,none,CMVN,WPGMC,GFCC,0.680943446797105,1314.77836543544
DTW-I,none,CMVN,Ward,GFCC,0.399392477441258,709.846075698503
DTW-I,none,CMVN,NJ,GFCC,0.339935674082016,664.996459369816
DTW-I,none,CMVN,Single,IMFCC,0.431189136067185,946.47044458092
DTW-I,none,CMVN,Complete,IMFCC,0.349772179040472,687.129780857142
DTW-I,none,CMVN,UPGMA,IMFCC,0.396408469579201,823.455133379508
DTW-I,none,CMVN,WPGMA,IMFCC,0.40136692575717,798.488442896925
DTW-I,none,CMVN,UPGMC,IMFCC,0.586589832931296,1469.28426847613
DTW-I,none,CMVN,WPGMC,IMFCC,0.569784686857858,1469.28426847613
DTW-I,none,CMVN,Ward,IMFCC,0.351862771374967,529.051389558247
DTW-I,none,CMVN,NJ,IMFCC,0.344670776378093,680.70967158511
DTW-I,none,CMVN,Single,LFCC,0.391226659519342,831.857525562713
DTW-I,none,CMVN,Complete,LFCC,0.353292236219065,531.150952244102
DTW-I,none,CMVN,UPGMA,LFCC,0.361002412221924,667.317519880888
DTW-I,none,CMVN,WPGMA,LFCC,0.403555793799696,768.271454463746
DTW-I,none,CMVN,UPGMC,LFCC,0.575788439203073,1469.28426847613
DTW-I,none,CMVN,WPGMC,LFCC,0.635781291878853,1466.28525426027
DTW-I,none,CMVN,Ward,LFCC,0.344063253819351,509.601409799007
DTW-I,none,CMVN,NJ,LFCC,0.343348521397302,666.162398499563
DTW-I,none,CMVN,Single,logFBank,0.383954257124989,826.805281126139
DTW-I,none,CMVN,Complete,logFBank,0.417314392924149,683.155162296455
DTW-I,none,CMVN,UPGMA,logFBank,0.402984007862057,761.937965479907
DTW-I,none,CMVN,WPGMA,logFBank,0.431823461091754,716.730557481203
DTW-I,none,CMVN,UPGMC,logFBank,0.554828910926472,1314.23142448161
DTW-I,none,CMVN,WPGMC,logFBank,0.617162512284464,1162.19347554313
DTW-I,none,CMVN,Ward,logFBank,0.337791476815867,513.068314166441
DTW-I,none,CMVN,NJ,logFBank,0.291101581345484,568.174501170308
DTW-I,none,CMVN,Single,LPCC,0.347994282140624,679.96663278955
DTW-I,none,CMVN,Complete,LPCC,0.369480925578487,574.598487615861
DTW-I,none,CMVN,UPGMA,LPCC,0.336951666219959,565.029690816864
DTW-I,none,CMVN,WPGMA,LPCC,0.335495398910033,568.863212277606
DTW-I,none,CMVN,UPGMC,LPCC,0.566675600821942,1418.3684075554
DTW-I,none,CMVN,WPGMC,LPCC,0.533529884749397,1213.72782332091
DTW-I,none,CMVN,Ward,LPCC,0.310086661306174,438.812414316593
DTW-I,none,CMVN,NJ,LPCC,0.331412489949075,583.855621724439
DTW-I,none,CMVN,Single,MFCC,0.367095506119896,769.766310102583
DTW-I,none,CMVN,Complete,MFCC,0.397418029125346,613.131928928719
DTW-I,none,CMVN,UPGMA,MFCC,0.357357276869472,628.521144520344
DTW-I,none,CMVN,WPGMA,MFCC,0.400741534887876,738.486463696227
DTW-I,none,CMVN,UPGMC,MFCC,0.550442240686143,1429.53252852847
DTW-I,none,CMVN,WPGMC,MFCC,0.612874117752166,1464.07173552651
DTW-I,none,CMVN,Ward,MFCC,0.406888233717502,576.918523698347
DTW-I,none,CMVN,NJ,MFCC,0.336531760922005,599.005612958294
DTW-I,none,CMVN,Single,MSRCC,0.406334316090414,902.272784991488
DTW-I,none,CMVN,Complete,MSRCC,0.370177789689985,732.114508067786
DTW-I,none,CMVN,UPGMA,MSRCC,0.336656839095863,671.990062152477
DTW-I,none,CMVN,WPGMA,MSRCC,0.362941123916734,706.055396589402
DTW-I,none,CMVN,UPGMC,MSRCC,0.571669793621013,1469.28426847613
DTW-I,none,CMVN,WPGMC,MSRCC,0.525471276690789,1469.28426847613
DTW-I,none,CMVN,Ward,MSRCC,0.345742875011168,555.557214937005
DTW-I,none,CMVN,NJ,MSRCC,0.318618779594389,578.873030499362
DTW-I,none,CMVN,Single,NGCC,0.379773072455999,784.607859258861
DTW-I,none,CMVN,Complete,NGCC,0.43833646028768,698.574265315279
DTW-I,none,CMVN,UPGMA,NGCC,0.358000536049317,624.614253924736
DTW-I,none,CMVN,WPGMA,NGCC,0.352300544983472,605.49317185806
DTW-I,none,CMVN,UPGMC,NGCC,0.564004288394532,1429.53252852847
DTW-I,none,CMVN,WPGMC,NGCC,0.600294827124095,1367.96347997653
DTW-I,none,CMVN,Ward,NGCC,0.394639506834629,577.921823263579
DTW-I,none,CMVN,NJ,NGCC,0.36592513177879,637.131226548947
DTW-I,none,CMVN,Single,PNCC,0.3660680782632,721.318030812165
DTW-I,none,CMVN,Complete,PNCC,0.376351290985437,580.465754882886
DTW-I,none,CMVN,UPGMA,PNCC,0.368131868131868,690.751092984351
DTW-I,none,CMVN,WPGMA,PNCC,0.372214777092826,721.040135324742
DTW-I,none,CMVN,UPGMC,PNCC,0.56563923880997,1429.53252852847
DTW-I,none,CMVN,WPGMC,PNCC,0.638711694809256,1339.25365533268
DTW-I,none,CMVN,Ward,PNCC,0.408415974269633,606.954026951445
DTW-I,none,CMVN,NJ,PNCC,0.313669257571697,502.147423231226
DTW-I,none,CMVN,Single,PSRCC,0.702823193067096,1555.17074519821
DTW-I,none,CMVN,Complete,PSRCC,0.69422853569195,1157.07812851331
DTW-I,none,CMVN,UPGMA,PSRCC,0.697230411864558,1492.3790083124
DTW-I,none,CMVN,WPGMA,PSRCC,0.636665773251139,1265.78479276335
DTW-I,none,CMVN,UPGMC,PSRCC,0.702510497632449,1555.17074519821
DTW-I,none,CMVN,WPGMC,PSRCC,0.700911283838113,1555.17074519821
DTW-I,none,CMVN,Ward,PSRCC,0.631930670955061,1081.53093623739
DTW-I,none,CMVN,NJ,PSRCC,0.576538908246225,1061.27777838022
DTW-I,none,CMVN,Single,RPLP,0.500875547217011,1021.01702637442
DTW-I,none,CMVN,Complete,RPLP,0.453068882337175,898.45514626647
DTW-I,none,CMVN,UPGMA,RPLP,0.393567408201555,911.171560532311
DTW-I,none,CMVN,WPGMA,RPLP,0.422996515679443,858.304841923731
DTW-I,none,CMVN,UPGMC,RPLP,0.662878584829804,1542.56318370185
DTW-I,none,CMVN,WPGMC,RPLP,0.644545698204235,1542.56318370185
DTW-I,none,CMVN,Ward,RPLP,0.361082819619405,698.086350773176
DTW-I,none,CMVN,NJ,RPLP,0.387233092111141,650.883817732764
DTW-I,none,MMN,Single,BFCC,0.450942553381578,1017.91523759549
DTW-I,none,MMN,Complete,BFCC,0.373662110247476,675.443632541531
DTW-I,none,MMN,UPGMA,BFCC,0.403207361743947,708.839658979381
DTW-I,none,MMN,WPGMA,BFCC,0.35791119449656,689.143130875367
DTW-I,none,MMN,UPGMC,BFCC,0.643428928794782,1463.11211880957
DTW-I,none,MMN,WPGMC,BFCC,0.635834896810507,1383.58910913886
DTW-I,none,MMN,Ward,BFCC,0.331019387116948,458.814865374359
DTW-I,none,MMN,NJ,BFCC,0.279656928437416,527.699320558718
DTW-I,none,MMN,Single,CQCC,0.372313052800858,709.668306647931
DTW-I,none,MMN,Complete,CQCC,0.358697400160815,573.124618326589
DTW-I,none,MMN,UPGMA,CQCC,0.376663986420084,610.945875633262
DTW-I,none,MMN,WPGMA,CQCC,0.343607611900295,599.948939658539
DTW-I,none,MMN,UPGMC,CQCC,0.61082819619405,1389.53505994766
DTW-I,none,MMN,WPGMC,CQCC,0.60310015188064,1262.34245838645
DTW-I,none,MMN,Ward,CQCC,0.346305726793532,539.214920316907
DTW-I,none,MMN,NJ,CQCC,0.27234878942196,504.763461351786
DTW-I,none,MMN,Single,GFCC,0.590100955954615,1246.3295681655
DTW-I,none,MMN,Complete,GFCC,0.443670150987224,921.676814909691
DTW-I,none,MMN,UPGMA,GFCC,0.503663003663004,1061.16357592212
DTW-I,none,MMN,WPGMA,GFCC,0.461056017153578,998.729296314994
DTW-I,none,MMN,UPGMC,GFCC,0.723371750201019,1487.24155163336
DTW-I,none,MMN,WPGMC,GFCC,0.680961315107657,1334.14897395329
DTW-I,none,MMN,Ward,GFCC,0.474966496917716,883.498645114841
DTW-I,none,MMN,NJ,GFCC,0.366881086393282,673.893449565968
DTW-I,none,MMN,Single,IMFCC,0.385356919503261,834.825555184746
DTW-I,none,MMN,Complete,IMFCC,0.353989100330564,660.343727159825
DTW-I,none,MMN,UPGMA,IMFCC,0.333413740730814,749.479191492611
DTW-I,none,MMN,WPGMA,IMFCC,0.289252211203431,652.819796276345
DTW-I,none,MMN,UPGMC,IMFCC,0.660528901992317,1424.75159983309
DTW-I,none,MMN,WPGMC,IMFCC,0.635102296077906,1303.35760798169
DTW-I,none,MMN,Ward,IMFCC,0.300375234521576,624.681873719139
DTW-I,none,MMN,NJ,IMFCC,0.291682301438399,552.692446071442
DTW-I,none,MMN,Single,LFCC,0.348333780041097,697.579505098705
DTW-I,none,MMN,Complete,LFCC,0.349003841686769,514.533614883435
DTW-I,none,MMN,UPGMA,LFCC,0.370856785490932,605.771583453134
DTW-I,none,MMN,WPGMA,LFCC,0.34375949253998,618.754944110986
DTW-I,none,MMN,UPGMC,LFCC,0.601483069775753,1346.31968868573
DTW-I,none,MMN,WPGMC,LFCC,0.571115875993925,1187.29429193694
DTW-I,none,MMN,Ward,LFCC,0.334548378450817,493.017228458768
DTW-I,none,MMN,NJ,LFCC,0.283159117305459,528.196388311314
DTW-I,none,MMN,Single,logFBank,0.381827928169392,845.774201492833
DTW-I,none,MMN,Complete,logFBank,0.359251317787903,591.886975469343
DTW-I,none,MMN,UPGMA,logFBank,0.377896899848119,675.296015123685
DTW-I,none,MMN,WPGMA,logFBank,0.341347270615563,570.882054677629
DTW-I,none,MMN,UPGMC,logFBank,0.591905655320289,1270.14977444276
DTW-I,none,MMN,WPGMC,logFBank,0.571446439739123,1203.66352808993
DTW-I,none,MMN,Ward,logFBank,0.342062003037613,448.212404328643
DTW-I,none,MMN,NJ,logFBank,0.296042169212901,552.849019863673
DTW-I,none,MMN,Single,LPCC,0.362530152774055,979.664674845093
DTW-I,none,MMN,Complete,LPCC,0.306629143214509,689.869479911603
DTW-I,none,MMN,UPGMA,LPCC,0.339122665951934,797.653111107171
DTW-I,none,MMN,WPGMA,LPCC,0.31313320825516,685.459868396389
DTW-I,none,MMN,UPGMC,LPCC,0.561029214687751,1151.83962179426
DTW-I,none,MMN,WPGMC,LPCC,0.480335924238363,1012.55882684013
DTW-I,none,MMN,Ward,LPCC,0.323050120611096,567.451904760953
DTW-I,none,MMN,NJ,LPCC,0.279692665058519,585.69985635964
DTW-I,none,MMN,Single,MFCC,0.360716519253105,711.3418944619
DTW-I,none,MMN,Complete,MFCC,0.356437058876083,561.2919902746
DTW-I,none,MMN,UPGMA,MFCC,0.373590637005271,577.021466401019
DTW-I,none,MMN,WPGMA,MFCC,0.366711337443045,602.64427204764
DTW-I,none,MMN,UPGMC,MFCC,0.597355490038417,1301.67312632325
DTW-I,none,MMN,WPGMC,MFCC,0.55430179576521,1071.93598812003
DTW-I,none,MMN,Ward,MFCC,0.342222817832574,543.474074399437
DTW-I,none,MMN,NJ,MFCC,0.267926382560529,491.050212692171
DTW-I,none,MMN,Single,MSRCC,0.408076476369159,789.997058382815
DTW-I,none,MMN,Complete,MSRCC,0.409532743679085,661.118713297256
DTW-I,none,MMN,UPGMA,MSRCC,0.442705262217457,821.551248283899
DTW-I,none,MMN,WPGMA,MSRCC,0.388707227731618,860.03589871445
DTW-I,none,MMN,UPGMC,MSRCC,0.564227642276423,1396.3971979791
DTW-I,none,MMN,WPGMC,MSRCC,0.594264272313053,1284.9148719533
DTW-I,none,MMN,Ward,MSRCC,0.34194585901903,589.741882182253
DTW-I,none,MMN,NJ,MSRCC,0.263932815152327,479.48625241636
DTW-I,none,MMN,Single,NGCC,0.339712320200125,728.159097468283
DTW-I,none,MMN,Complete,NGCC,0.344706512999196,543.640663461762
DTW-I,none,MMN,UPGMA,NGCC,0.373251139104798,635.326214220465
DTW-I,none,MMN,WPGMA,NGCC,0.293415527561869,571.400958238509
DTW-I,none,MMN,UPGMC,NGCC,0.582149557759314,1242.69399092282
DTW-I,none,MMN,WPGMC,NGCC,0.526820334137407,1043.78839405359
DTW-I,none,MMN,Ward,NGCC,0.327481461627803,408.177236196387
DTW-I,none,MMN,NJ,NGCC,0.274850352899133,525.205384486149
DTW-I,none,MMN,Single,PNCC,0.352470293933709,660.672710222427
DTW-I,none,MMN,Complete,PNCC,0.350433306530868,590.915512967902
DTW-I,none,MMN,UPGMA,PNCC,0.340855892075404,653.482233978804
DTW-I,none,MMN,WPGMA,PNCC,0.322460466362905,646.567265418235
DTW-I,none,MMN,UPGMC,PNCC,0.603520057178594,1259.89424687274
DTW-I,none,MMN,WPGMC,PNCC,0.526847136603234,1086.11763420576
DTW-I,none,MMN,Ward,PNCC,0.390065219333512,483.577835870315
DTW-I,none,MMN,NJ,PNCC,0.270963995354239,512.031810734202
DTW-I,none,MMN,Single,PSRCC,0.739587242026266,1511.23395349669
DTW-I,none,MMN,Complete,PSRCC,0.707084785133566,1114.78240533624
DTW-I,none,MMN,UPGMA,PSRCC,0.729554185651747,1412.71199324347
DTW-I,none,MMN,WPGMA,PSRCC,0.727526132404181,1270.48191607599
DTW-I,none,MMN,UPGMC,PSRCC,0.738890377914768,1533.19953562191
DTW-I,none,MMN,WPGMC,PSRCC,0.737058876083266,1533.19953562191
DTW-I,none,MMN,Ward,PSRCC,0.559465737514518,1140.75473796851
DTW-I,none,MMN,NJ,PSRCC,0.597766461181095,976.593258292349
DTW-I,none,MMN,Single,RPLP,0.446055570445814,886.769074631423
DTW-I,none,MMN,Complete,RPLP,0.438515143393192,774.346631754861
DTW-I,none,MMN,UPGMA,RPLP,0.373018851067632,687.61465514833
DTW-I,none,MMN,WPGMA,RPLP,0.382980434199946,737.40473642324
DTW-I,none,MMN,UPGMC,RPLP,0.612391673367283,1277.26935646687
DTW-I,none,MMN,WPGMC,RPLP,0.539569373715715,1023.58972775311
DTW-I,none,MMN,Ward,RPLP,0.35191637630662,819.127212916562
DTW-I,none,MMN,NJ,RPLP,0.417636022514071,816.660730647844
DTW-I,none,MMVN,Single,BFCC,0.378298936835522,788.032350174161
DTW-I,none,MMVN,Complete,BFCC,0.335995711605468,592.897049273922
DTW-I,none,MMVN,UPGMA,BFCC,0.362548021084606,667.441443065023
DTW-I,none,MMVN,WPGMA,BFCC,0.317153578129188,625.594185681274
DTW-I,none,MMVN,UPGMC,BFCC,0.631287411775217,1450.50455731321
DTW-I,none,MMVN,WPGMC,BFCC,0.621424104350934,1338.11615180893
DTW-I,none,MMVN,Ward,BFCC,0.334852139730189,498.849022904729
DTW-I,none,MMVN,NJ,BFCC,0.27820066112749,498.438750749986
DTW-I,none,MMVN,Single,CQCC,0.408782274635933,831.473832736502
DTW-I,none,MMVN,Complete,CQCC,0.337219690878227,514.747120211426
DTW-I,none,MMVN,UPGMA,CQCC,0.382176360225141,583.06152884077
DTW-I,none,MMVN,WPGMA,CQCC,0.360546770302868,585.058236185455
DTW-I,none,MMVN,UPGMC,CQCC,0.639220941659966,1350.9961329289
DTW-I,none,MMVN,WPGMC,CQCC,0.604484945948361,1274.95001988281
DTW-I,none,MMVN,Ward,CQCC,0.344286607701242,537.865181881917
DTW-I,none,MMVN,NJ,CQCC,0.275207719110158,532.279504473529
DTW-I,none,MMVN,Single,GFCC,0.382980434199946,837.609028045199
DTW-I,none,MMVN,Complete,GFCC,0.36996336996337,616.966066095755
DTW-I,none,MMVN,UPGMA,GFCC,0.318493701420531,638.802866668132
DTW-I,none,MMVN,WPGMA,GFCC,0.283587956758688,621.518764544255
DTW-I,none,MMVN,UPGMC,GFCC,0.59465737514518,1254.80266522645
DTW-I,none,MMVN,WPGMC,GFCC,0.551880639685518,1111.47497760762
DTW-I,none,MMVN,Ward,GFCC,0.343339587242026,505.624789955122
DTW-I,none,MMVN,NJ,GFCC,0.263637988028232,512.227474518467
DTW-I,none,MMVN,Single,IMFCC,0.402680246582686,912.795130282648
DTW-I,none,MMVN,Complete,IMFCC,0.353774680603949,634.465626987915
DTW-I,none,MMVN,UPGMA,IMFCC,0.345769677476995,678.827792841746
DTW-I,none,MMVN,WPGMA,IMFCC,0.361556329849013,711.520028215703
DTW-I,none,MMVN,UPGMC,IMFCC,0.568542839274547,1456.62982187647
DTW-I,none,MMVN,WPGMC,IMFCC,0.596319128026445,1208.43556948978
DTW-I,none,MMVN,Ward,IMFCC,0.29877602072724,536.778390852916
DTW-I,none,MMVN,NJ,IMFCC,0.286857857589565,524.238939562038
DTW-I,none,MMVN,Single,LFCC,0.346895381041723,763.680530448885
DTW-I,none,MMVN,Complete,LFCC,0.351621549182525,567.825224882341
DTW-I,none,MMVN,UPGMA,LFCC,0.359492539980345,638.698273136375
DTW-I,none,MMVN,WPGMA,LFCC,0.350486911462521,662.613577435216
DTW-I,none,MMVN,UPGMC,LFCC,0.516644331278478,1347.76044890405
DTW-I,none,MMVN,WPGMC,LFCC,0.517233985526668,1063.61675735612
DTW-I,none,MMVN,Ward,LFCC,0.341427678013044,536.095864756184
DTW-I,none,MMVN,NJ,LFCC,0.28360582506924,524.941028969919
DTW-I,none,MMVN,Single,logFBank,0.364576074332172,731.271304887903
DTW-I,none,MMVN,Complete,logFBank,0.361904761904762,581.638798602281
DTW-I,none,MMVN,UPGMA,logFBank,0.38533905119271,627.97475167301
DTW-I,none,MMVN,WPGMA,logFBank,0.408532118288216,685.129617293217
DTW-I,none,MMVN,UPGMC,logFBank,0.554462610560172,1195.46440378261
DTW-I,none,MMVN,WPGMC,logFBank,0.521048869829358,1066.8812260107
DTW-I,none,MMVN,Ward,logFBank,0.33378897525239,455.403747533414
DTW-I,none,MMVN,NJ,logFBank,0.269275440007147,502.174781784096
DTW-I,none,MMVN,Single,LPCC,0.382301438398999,862.393467277457
DTW-I,none,MMVN,Complete,LPCC,0.339631912802644,684.88388614812
DTW-I,none,MMVN,UPGMA,LPCC,0.326820334137407,725.160123452118
DTW-I,none,MMVN,WPGMA,LPCC,0.316876619315644,722.580183871192
DTW-I,none,MMVN,UPGMC,LPCC,0.570133118913607,1140.41437750642
DTW-I,none,MMVN,WPGMC,LPCC,0.548155096935585,1085.26412201406
DTW-I,none,MMVN,Ward,LPCC,0.316135084427767,481.061483564387
DTW-I,none,MMVN,NJ,LPCC,0.316492450638792,633.809602712799
DTW-I,none,MMVN,Single,MFCC,0.326480836236934,683.402949578081
DTW-I,none,MMVN,Complete,MFCC,0.369990172429197,570.596028226178
DTW-I,none,MMVN,UPGMA,MFCC,0.323514696685428,591.975674263298
DTW-I,none,MMVN,WPGMA,MFCC,0.34989725721433,597.259394994928
DTW-I,none,MMVN,UPGMC,MFCC,0.572884838738497,1263.39750773275
DTW-I,none,MMVN,WPGMC,MFCC,0.556740820155454,1109.74292817951
DTW-I,none,MMVN,Ward,MFCC,0.327106227106227,417.943531795094
DTW-I,none,MMVN,NJ,MFCC,0.265576699723041,481.137509881695
DTW-I,none,MMVN,Single,MSRCC,0.341740373447691,740.386738383541
DTW-I,none,MMVN,Complete,MSRCC,0.373492361297239,578.729644437338
DTW-I,none,MMVN,UPGMA,MSRCC,0.375261324041812,577.633389663075
DTW-I,none,MMVN,WPGMA,MSRCC,0.379263825605289,607.992616524722
DTW-I,none,MMVN,UPGMC,MSRCC,0.564647547574377,1362.11810013491
DTW-I,none,MMVN,WPGMC,MSRCC,0.557330474403645,1152.32827971832
DTW-I,none,MMVN,Ward,MSRCC,0.331582238899312,444.545820954793
DTW-I,none,MMVN,NJ,MSRCC,0.271928884124006,512.218167524401
DTW-I,none,MMVN,Single,NGCC,0.335531135531136,680.61650704108
DTW-I,none,MMVN,Complete,NGCC,0.347913874743143,540.715682638768
DTW-I,none,MMVN,UPGMA,NGCC,0.359045832216564,655.632867148101
DTW-I,none,MMVN,WPGMA,NGCC,0.340391316001072,612.983950629494
DTW-I,none,MMVN,UPGMC,NGCC,0.558465112123649,1205.31683431724
DTW-I,none,MMVN,WPGMC,NGCC,0.555123738050567,1106.00749264337
DTW-I,none,MMVN,Ward,NGCC,0.327954971857411,410.826329034527
DTW-I,none,MMVN,NJ,NGCC,0.270785312248727,516.749831364622
DTW-I,none,MMVN,Single,PNCC,0.365978736710444,816.59672911532
DTW-I,none,MMVN,Complete,PNCC,0.347744125792906,573.644502896746
DTW-I,none,MMVN,UPGMA,PNCC,0.350004467077638,673.722767177409
DTW-I,none,MMVN,WPGMA,PNCC,0.316010006253909,677.94835561686
DTW-I,none,MMVN,UPGMC,PNCC,0.600125078173859,1261.95154927138
DTW-I,none,MMVN,WPGMC,PNCC,0.558384704726168,1091.81197982111
DTW-I,none,MMVN,Ward,PNCC,0.344831591173055,507.610228391816
DTW-I,none,MMVN,NJ,PNCC,0.270963995354239,512.031810734202
DTW-I,none,MMVN,Single,PSRCC,0.739587242026266,1511.23395349669
DTW-I,none,MMVN,Complete,PSRCC,0.707084785133566,1114.78240533624
DTW-I,none,MMVN,UPGMA,PSRCC,0.729554185651747,1412.71199324347
DTW-I,none,MMVN,WPGMA,PSRCC,0.727526132404181,1270.48191607599
DTW-I,none,MMVN,UPGMC,PSRCC,0.738890377914768,1533.19953562191
DTW-I,none,MMVN,WPGMC,PSRCC,0.737058876083266,1533.19953562191
DTW-I,none,MMVN,Ward,PSRCC,0.559465737514518,1140.75473796851
DTW-I,none,MMVN,NJ,PSRCC,0.617573483427142,1012.95707256876
DTW-I,none,MMVN,Single,RPLP,0.502206736353078,1112.09862952235
DTW-I,none,MMVN,Complete,RPLP,0.381792191548289,677.487986722822
DTW-I,none,MMVN,UPGMA,RPLP,0.383981059590816,682.141660444101
DTW-I,none,MMVN,WPGMA,RPLP,0.43631734119539,751.862176081764
DTW-I,none,MMVN,UPGMC,RPLP,0.659287054409006,1482.85924761438
DTW-I,none,MMVN,WPGMC,RPLP,0.647717323327079,1347.62719851603
DTW-I,none,MMVN,Ward,RPLP,0.342875011167694,500.669444118343
DTW-I,none,MMVN,NJ,RPLP,0.338363262753507,524.935590409076
DTW-I,none,none,Single,BFCC,0.429965156794425,997.674419976343
DTW-I,none,none,Complete,BFCC,0.371089073528098,652.435876268582
DTW-I,none,none,UPGMA,BFCC,0.410747788796569,699.262124903344
DTW-I,none,none,WPGMA,BFCC,0.356374519789154,684.325753508132
DTW-I,none,none,UPGMC,BFCC,0.63927454659162,1463.11211880957
DTW-I,none,none,WPGMC,BFCC,0.637183954257125,1383.58910913886
DTW-I,none,none,Ward,BFCC,0.330018761726079,445.432370433639
DTW-I,none,none,NJ,BFCC,0.279656928437416,515.728136286313
DTW-I,none,none,Single,CQCC,0.373787188421335,705.398845972937
DTW-I,none,none,Complete,CQCC,0.357562762440811,573.124618326589
DTW-I,none,none,UPGMA,CQCC,0.37689627445725,636.599728457975
DTW-I,none,none,WPGMA,CQCC,0.343607611900295,599.948939658539
DTW-I,none,none,UPGMC,CQCC,0.61082819619405,1389.53505994766
DTW-I,none,none,WPGMC,CQCC,0.601116769409452,1217.96063473602
DTW-I,none,none,Ward,CQCC,0.339185205038864,490.320842855488
DTW-I,none,none,NJ,CQCC,0.272134369695345,536.802462217912
DTW-I,none,none,Single,GFCC,0.591494684177611,1243.52991448081
DTW-I,none,none,Complete,GFCC,0.443670150987224,921.676814909691
DTW-I,none,none,UPGMA,GFCC,0.503663003663004,1061.16357592212
DTW-I,none,none,WPGMA,GFCC,0.461056017153578,998.729296314994
DTW-I,none,none,UPGMC,GFCC,0.723371750201019,1487.24155163336
DTW-I,none,none,WPGMC,GFCC,0.680737961225766,1333.33452960644
DTW-I,none,none,Ward,GFCC,0.474966496917716,883.498645114841
DTW-I,none,none,NJ,GFCC,0.366881086393282,673.893449565968
DTW-I,none,none,Single,IMFCC,0.406414723487894,778.534284453535
DTW-I,none,none,Complete,IMFCC,0.349271866345037,612.661648087814
DTW-I,none,none,UPGMA,IMFCC,0.333065308675065,736.871629996257
DTW-I,none,none,WPGMA,IMFCC,0.288903779147682,652.285486945192
DTW-I,none,none,UPGMC,IMFCC,0.647020459215581,1423.77856688069
DTW-I,none,none,WPGMC,IMFCC,0.635298847493969,1303.35760798169
DTW-I,none,none,Ward,IMFCC,0.289046725632091,535.87285658237
DTW-I,none,none,NJ,IMFCC,0.292361297239346,569.98183160777
DTW-I,none,none,Single,LFCC,0.357527025819709,685.26187060606
DTW-I,none,none,Complete,LFCC,0.349504154382203,506.050797816226
DTW-I,none,none,UPGMA,LFCC,0.326873939069061,638.962488052452
DTW-I,none,none,WPGMA,LFCC,0.34375949253998,618.754944110986
DTW-I,none,none,UPGMC,LFCC,0.589618511569731,1338.25173082019
DTW-I,none,none,WPGMC,LFCC,0.572393460198338,1109.56422464487
DTW-I,none,none,Ward,LFCC,0.332064683284195,479.319661926601
DTW-I,none,none,NJ,LFCC,0.31386580898776,469.475458707806
DTW-I,none,none,Single,logFBank,0.411382113821138,855.713320067024
DTW-I,none,none,Complete,logFBank,0.359367461806486,545.550569474148
DTW-I,none,none,UPGMA,logFBank,0.423827392120075,676.949055112894
DTW-I,none,none,WPGMA,logFBank,0.371937818279282,615.181485550179
DTW-I,none,none,UPGMC,logFBank,0.579147681586706,1320.21114512263
DTW-I,none,none,WPGMC,logFBank,0.594023050120611,1266.27961559489
DTW-I,none,none,Ward,logFBank,0.348405253283302,494.873305336981
DTW-I,none,none,NJ,logFBank,0.307200929152149,553.204009970384
DTW-I,none,none,Single,LPCC,0.351362458679532,909.874454390218
DTW-I,none,none,Complete,LPCC,0.305003126954346,693.418350345649
DTW-I,none,none,UPGMA,LPCC,0.322201375859912,711.085414830957
DTW-I,none,none,WPGMA,LPCC,0.28462431877066,696.607678925804
DTW-I,none,none,UPGMC,LPCC,0.527669078888591,1089.89392397519
DTW-I,none,none,WPGMC,LPCC,0.497382292504244,1004.4095245122
DTW-I,none,none,Ward,LPCC,0.298936835522201,530.33158928615
DTW-I,none,none,NJ,LPCC,0.28411507191995,631.957180527984
DTW-I,none,none,Single,MFCC,0.375288126507639,700.717021932963
DTW-I,none,none,Complete,MFCC,0.350236755114804,529.748712572247
DTW-I,none,none,UPGMA,MFCC,0.37905834003395,637.0141178935
DTW-I,none,none,WPGMA,MFCC,0.330947913874743,579.030116926544
DTW-I,none,none,UPGMC,MFCC,0.553810417225051,1244.02187739452
DTW-I,none,none,WPGMC,MFCC,0.550058072009292,1063.23531721928
DTW-I,none,none,Ward,MFCC,0.33075136245868,456.648643700362
DTW-I,none,none,NJ,MFCC,0.276780130438667,577.862761201348
DTW-I,none,none,Single,MSRCC,0.420771911015813,817.840882376665
DTW-I,none,none,Complete,MSRCC,0.444929866881086,847.934078658191
DTW-I,none,none,UPGMA,MSRCC,0.393129634593049,785.841630401375
DTW-I,none,none,WPGMA,MSRCC,0.398892164745823,784.089834361688
DTW-I,none,none,UPGMC,MSRCC,0.567452872330921,1396.3971979791
DTW-I,none,none,WPGMC,MSRCC,0.589618511569731,1298.6304165555
DTW-I,none,none,Ward,MSRCC,0.349798981506299,644.077052588496
DTW-I,none,none,NJ,MSRCC,0.279737335834897,587.669576638546
DTW-I,none,none,Single,NGCC,0.35999285267578,725.482734303686
DTW-I,none,none,Complete,NGCC,0.344063253819351,534.629278868736
DTW-I,none,none,UPGMA,NGCC,0.323961404449209,603.155736030013
DTW-I,none,none,WPGMA,NGCC,0.306155632984901,588.990866924569
DTW-I,none,none,UPGMC,NGCC,0.566979362101313,1192.55631106379
DTW-I,none,none,WPGMC,NGCC,0.566943625480211,1177.38530945596
DTW-I,none,none,Ward,NGCC,0.327713749664969,403.495412156413
DTW-I,none,none,NJ,NGCC,0.27610113463772,533.331937634155
DTW-I,none,none,Single,PNCC,0.350424372375592,680.638458923352
DTW-I,none,none,Complete,PNCC,0.377030286786384,586.802058618403
DTW-I,none,none,UPGMA,PNCC,0.337961225766104,633.746931000634
DTW-I,none,none,WPGMA,PNCC,0.32324667202716,640.799678191702
DTW-I,none,none,UPGMC,PNCC,0.571205217546681,1193.7475187904
DTW-I,none,none,WPGMC,PNCC,0.520191190922898,1089.68996346052
DTW-I,none,none,Ward,PNCC,0.390065219333512,483.577835870315
DTW-I,none,none,NJ,PNCC,0.269141427678013,481.82415000924
DTW-I,none,none,Single,PSRCC,0.739515768784061,1511.23395349669
DTW-I,none,none,Complete,PSRCC,0.706441525953721,1173.73759953723
DTW-I,none,none,UPGMA,PSRCC,0.729554185651747,1412.71199324347
DTW-I,none,none,WPGMA,PSRCC,0.718493701420531,1230.59793349715
DTW-I,none,none,UPGMC,PSRCC,0.744688644688645,1555.17074519821
DTW-I,none,none,WPGMC,PSRCC,0.744340212632896,1555.17074519821
DTW-I,none,none,Ward,PSRCC,0.548012150451175,1142.29619513417
DTW-I,none,none,NJ,PSRCC,0.613955150540516,961.725293183727
DTW-I,none,none,Single,RPLP,0.40656660412758,816.004160829737
DTW-I,none,none,Complete,RPLP,0.325507013311891,613.961774856815
DTW-I,none,none,UPGMA,RPLP,0.374778879656928,646.515217989471
DTW-I,none,none,WPGMA,RPLP,0.331019387116948,651.039370147658
DTW-I,none,none,UPGMC,RPLP,0.588832305905477,1310.39793353377
DTW-I,none,none,WPGMC,RPLP,0.516572858036273,996.235338120382
DTW-I,none,none,Ward,RPLP,0.319378182792817,531.351098828855
DTW-I,none,none,NJ,RPLP,0.335870633431609,669.934139157475
